Parent Cell,parent_x,parent_y,parent_z,Daughter 1,Daughter 2,Birth Time
P0,422.07777778,248.31666666,14.326666666,AB,P1,0
AB,317.785053825,251.80042565,14.70036533625,ABa,ABp,17
P1,445.3393565,253.8605633875,15.23819611625,EMS,P2,18
ABa,251.1503696625,254.4083624875,15.06383718375,ABar,ABal,35
ABp,358.98412735,267.2765126875,14.87758774625,ABpr,ABpl,35
P2,489.6439353875,252.4161763,15.4385942575,C,P3,42
EMS,380.806094425,240.9462640375,15.0949706325,MS,E,39
ABal,223.0276970375,245.9936990875,15.47635926375,ABala,ABalp,50
ABar,285.0467059375,268.8158069875,15.18162948625,ABara,ABarp,50
ABpl,351.0989584875,254.3836405125,15.31050525,ABplp,ABpla,50
ABpr,410.7116492875,264.9469936375,14.93181156375,ABprp,ABpra,55
C,454.07863055,262.890848875,15.42513003375,Cp,Ca,70
P3,501.819885075,247.4435226625,15.54214668875,D,P4,68
E,432.6886088875,249.09343005,15.53709975125,Ep,Ea,58
MS,346.9338562875,243.0266701375,14.66644114375,MSp,MSa,58
ABala,213.12140965,257.4950707875,15.303375395,ABalaa,ABalap,68
ABalp,242.464728125,237.7061582625,15.527250415,ABalpp,ABalpa,68
ABara,298.0093306375,262.2539351625,14.688905605,ABarap,ABaraa,75
ABarp,329.2359091,277.3430934375,15.3806736825,ABarpp,ABarpa,68
ABpla,282.4308481625,257.285102425,15.58957578,ABplap,ABplaa,75
ABplp,353.5002455375,238.3328286875,15.6882521425,ABplpp,ABplpa,67
ABpra,399.7654673,272.58985375,14.9382634575,ABpraa,ABprap,75
ABprp,442.3363238875,256.029673575,14.8141148,ABprpa,ABprpp,75
Ca,398.6028986,259.4625688,15.24209138375,Cap,Caa,97
Cp,467.7115583,263.5736586375,15.45729870625,Cpa,Cpp,97
D,502.8339735625,248.3478592875,15.54572799125,Dp,Da,115
Ea,403.6561410875,249.6521681125,15.27480772125,Eal,Ear,110
Ep,445.7888371875,247.3436190125,15.22587999875,Epr,Epl,115
MSa,301.2879952375,237.4424445375,14.99291964375,MSap,MSaa,85
MSp,363.428951275,246.21360585,14.60027755125,MSpa,MSpp,85
P4,458.5687175625,237.6282943,15.21732716625,Z2,Z3,140
ABalaa,204.5349467875,255.8945048375,15.08994478375,ABalaaa,ABalaap,94
ABalap,229.9191832625,266.7367609,15.54799668875,ABalapa,ABalapp,92
ABalpa,219.065737325,239.1526388375,15.583602735,ABalpaa,ABalpap,105
ABalpp,271.5603695,235.9853221375,16.02553986,ABalppa,ABalppp,105
ABaraa,264.2091216375,259.877717325,14.78627388875,ABaraap,ABaraaa,105
ABarap,320.7283877625,266.8614433625,14.74722891375,ABarapa,ABarapp,105
ABarpa,296.4612039125,277.8054761125,15.3912325475,ABarpaa,ABarpap,105
ABarpp,369.4115119,277.735316825,15.47830264875,ABarppp,ABarppa,105
ABplaa,258.07933835,258.2536250875,15.9134624525,ABplaap,ABplaaa,105
ABplap,326.0579009,257.861466525,15.5330304075,ABplapa,ABplapp,105
ABplpa,335.8011011125,232.237792625,15.91399845625,ABplpaa,ABplpap,105
ABplpp,394.938767475,237.8356056875,15.976181735,ABplppp,ABplppa,105
ABpraa,373.348907075,277.652773475,14.93108575375,ABpraaa,ABpraap,105
ABprap,435.6021338875,276.174747425,15.14102977,ABprapp,ABprapa,105
ABprpa,423.971967,261.430650075,14.80598721875,ABprpaa,ABprpap,105
ABprpp,482.9915543625,260.7433145875,15.08752792375,ABprppa,ABprppp,105
Caa,379.5021826625,264.3335191875,15.34001518625,Caap,Caaa,133
Cap,435.6006471875,253.2647995625,15.5612545675,Capa,Capp,133
Cpa,462.25389285,268.633027675,15.66872919875,Cpap,Cpaa,133
Cpp,504.2286469,253.8497175625,15.72828956625,Cppa,Cppp,133
Da,463.00259315,236.2067770375,15.5706295225,Daa,Dap,165
Dp,482.323181025,243.179955275,14.8597933,Dpp,Dpa,165
Eal,371.7831744875,242.277175775,15.0777837375,Eala,Ealp,165
Ear,369.1362151875,257.102365675,14.5560316025,Eara,Earp,165
Epl,416.992742075,245.7332712625,15.04448888875,Eplp,Epla,170
Epr,448.9758524625,256.869949475,14.81277038,Epra,Eprp,170
MSaa,272.7210683875,237.32759495,14.97960123125,MSaaa,MSaap,115
MSap,329.15222215,234.529680075,14.86873361625,MSapa,MSapp,120
MSpa,324.281298975,244.4855799,14.650432595,MSpap,MSpaa,120
MSpp,390.809417,248.49255985,14.62691858,MSppa,MSppp,122
ABalaaa,197.0315137,257.065360475,14.9963821375,ABalaaaa,ABalaaap,122
ABalaap,227.3749115,248.2103345125,14.902155465,ABalaapa,ABalaapp,123
ABalapa,218.013403975,265.9387344375,15.456148715,ABalapaa,ABalapap,120
ABalapp,257.6543689375,257.991198125,15.124922645,ABalappp,ABalappa,121
ABalpaa,206.2655229,243.136808525,15.54148796375,ABalpaap,ABalpaaa,135
ABalpaa,210.375,253.0054348,15.6509058,ABalpaap,ABalpaaa,135
ABalpap,243.4659609,232.3277582125,15.38144682625,ABalpapp,ABalpapa,135
ABalppa,252.17963785,236.3270006125,16.044508115,ABalppap,ABalppaa,140
ABalppp,297.9082910375,231.8768665125,15.5921726875,ABalpppp,ABalpppa,135
ABaraaa,238.68885635,264.2361982,14.79585569875,ABaraaaa,ABaraaap,135
ABaraap,280.343927175,254.9510055125,14.70914243,ABaraapa,ABaraapp,135
ABarapa,291.4656385625,271.4315708375,14.59540302,ABarapaa,ABarapap,135
ABarapp,341.890843175,263.1233876125,14.53721085875,ABarappp,ABarappa,135
ABarpaa,267.4234513,276.6945018,15.35788739625,ABarpaap,ABarpaaa,135
ABarpap,309.9252427625,268.3152525375,14.86906399375,ABarpapp,ABarpapa,135
ABarppa,325.632145275,278.2309833375,15.59762392,ABarppap,ABarppaa,135
ABarppp,377.1299503125,276.469538,15.29821202375,ABarpppp,ABarpppa,135
ABplaaa,242.5593308375,261.8637689625,15.97431541125,ABplaaaa,ABplaaap,135
ABplaap,275.867215075,249.14910215,15.5849351025,ABplaapp,ABplaapa,135
ABplapa,301.5548422625,263.7251874625,15.47604456,ABplapaa,ABplapap,135
ABplapp,338.5804746875,249.6586411375,15.42439953125,ABplappa,ABplappp,135
ABplpaa,322.1385309375,232.522523975,16.01252389625,ABplpaaa,ABplpaap,135
ABplpap,371.7556097625,227.9442548125,15.63065621125,ABplpapa,ABplpapp,135
ABplppa,377.2385274375,239.3303456875,15.88335523125,ABplppaa,ABplppap,140
ABplppp,421.9675175625,233.5335466875,15.82439498625,ABplpppa,ABplpppp,140
ABpraaa,334.05210145,281.7111584375,14.92925855625,ABpraaap,ABpraaaa,135
ABpraap,381.2574613625,275.5720264375,14.84231974875,ABpraapa,ABpraapp,135
ABprapa,410.71077555,279.571275125,15.21380451625,ABprapaa,ABprapap,135
ABprapp,459.6128062,273.757030175,15.13553026375,ABprappa,ABprappp,135
ABprpaa,422.8970806375,273.422023175,14.67746395125,ABprpaaa,ABprpaap,135
ABprpap,457.2519570375,262.302041375,14.77928506,ABprpapa,ABprpapp,135
ABprppa,488.7970901,271.8132003375,14.917869115,ABprppaa,ABprppap,140
ABprppp,499.91637905,258.79575275,15.04657137125,ABprpppp,ABprpppa,140
Caaa,384.20487165,260.3205223,15.35676516625,Caaap,Caaaa,165
Caap,444.1258349375,250.9021263875,15.68253361,Caapp,Caapa,180
Capa,439.2218713375,244.3084386625,15.53393672125,Capaa,Capap,185
Capp,470.379308475,245.6898355125,15.75751713625,Cappa,Cappp,185
Cpaa,457.101685,270.3026369375,15.54642785125,Cpaap,Cpaaa,170
Cpap,484.77274675,256.1838534375,15.72318073125,Cpapp,Cpapa,175
Cppa,510.478642175,256.389901025,15.18598599625,Cppap,Cppaa,185
Cppp,496.3944012625,246.071324625,15.51964028625,Cpppa,Cpppp,185
Daa,420.9223138625,241.041065675,14.81265181875,Daap,Daaa,210
Dap,450.4642904375,240.7831752,14.862392695,Dapa,Dapp,200
Dpa,439.9610892875,254.792030025,14.74423211375,Dpap,Dpaa,210
Dpp,465.4561721875,253.4554038875,14.77279259125,Dppp,Dppa,200
Eala,328.39615995,248.2203087875,14.874511605,int3V,Ealaa,230
Ealp,363.777321675,245.467131225,14.77614012875,int5L,int2V,230
Eara,336.1564059,260.9822539875,14.76896916,Earaa,int3D,230
Earp,374.1622434125,261.808928575,14.604078585,int2D,int5R,230
Epla,410.336013625,250.5968302125,14.93266498,int6L,int4V,235
Eplp,450.0145768,249.4783811125,14.99260476125,Eplpp,int7L,245
Epra,417.7102514,261.9990109875,14.8228023525,int6R,int4D,235
Eprp,458.2698896625,259.62531865,15.01597956,Eprpp,int7R,245
MSaaa,259.524896675,241.6598735,14.92934753875,MSaaap,MSaaaa,145
MSaap,312.1924971625,236.84831455,14.622213765,MSaapa,MSaapp,145
MSapa,323.4585615375,230.130234825,14.919577385,MSapap,MSapaa,150
MSapp,365.7352499875,229.8028175375,15.06906041875,MSappa,MSappp,150
MSpaa,320.3938388,249.52557385,14.5164197925,MSpaaa,MSpaap,150
MSpap,371.519931075,239.5351075,14.5626457275,MSpapp,MSpapa,150
MSppa,396.05248445,255.7733215125,14.5488072575,MSppap,MSppaa,155
MSppp,430.4009324625,245.639545,14.71864641375,MSpppp,MSpppa,155
ABalaaaa,0,0,0,ABalaaaar,ABalaaaal,175
ABalaaap,0,0,0,ABalaaapp,ABalaaapa,170
ABalaapa,232.007842771429,260.4625051,14.7866231557143,ABalaapaa,ABalaapap,175
ABalaapp,270.509678228571,261.562959657143,14.7994507657143,ABalaappa,ABalaappp,170
ABalapaa,216.6417442,260.91514075,15.39571739625,ABalapaaa,ABalapaap,170
ABalapap,246.783036725,265.7180242625,15.55528159125,ABalapapp,ABalapapa,160
ABalappa,252.769303975,263.4639287375,15.168961145,ABalappaa,ABalappap,170
ABalappp,295.1480544875,261.1899236,15.0748818475,ABalapppa,ABalapppp,160
ABalpaaa,198.2988862,248.684100525,14.8887276625,ABalpaaaa,ABalpaaap,175
ABalpaap,216.605691525,243.896963325,15.329843355,ABalpaapp,ABalpaapa,165
ABalpapa,217.2526570125,237.4380341,15.14316014875,ABalpapaa,ABalpapap,165
ABalpapp,260.828805375,233.1001325375,15.1209081075,ABalpappa,ABalpappp,165
ABalppaa,218.3754602875,236.9113593375,15.664753975,ABalppaap,ABalppaaa,163
ABalppap,250.56230335,234.3937964375,15.6673671925,ABalppapp,ABalppapa,153
ABalpppa,264.4252732875,240.2717943625,15.466516485,ABalpppap,ABalpppaa,165
ABalpppp,303.862777325,237.6834842,15.2210421925,ABalppppa,ABalppppp,148
ABaraaaa,220.0746358875,260.6076648375,14.7112121325,ABaraaaap,ABaraaaaa,180
ABaraaap,254.685285,266.7712897875,14.77358912375,ABaraaapa,ABaraaapp,175
ABaraapa,251.4049227125,256.475587525,14.75823704,ABaraapaa,ABaraapap,175
ABaraapp,295.833210325,254.3032854625,14.68310168625,ABaraappp,ABaraappa,175
ABarapaa,275.5930916625,269.8340464375,14.6432871325,ABarapaaa,ABarapaap,180
ABarapap,314.566079875,267.9069376125,14.6334090375,ABarapapp,ABarapapa,175
ABarappa,332.59227335,270.0779785375,14.61040354375,ABarappaa,ABarappap,175
ABarappp,363.0155834125,267.7331359,14.51092847625,ABarapppa,ABarapppp,175
ABarpaaa,251.4283959375,273.9600642,15.1696798075,ABarpaaap,ABarpaaaa,180
ABarpaap,289.5477937875,275.30040155,15.3313288025,ABarpaapp,ABarpaapa,170
ABarpapa,291.4194319625,272.222811175,15.02101254875,ABarpapap,ABarpapaa,175
ABarpapp,335.070554125,271.6721456875,15.05003199,ABarpappa,ABarpappp,175
ABarppaa,322.8081368875,271.82596475,15.51651125875,ABarppaap,ABarppaaa,187
ABarppap,361.2234757875,264.9716453,15.35982690375,ABarppapp,ABarppapa,180
ABarpppa,371.6029381125,273.3332337375,15.2501481325,ABarpppaa,ABarpppap,187
ABarpppp,415.4451006375,269.242258525,15.2429511575,ABarppppp,ABarppppa,180
ABplaaaa,222.8310957375,256.231333725,15.83384069125,ABplaaaaa,ABplaaaap,170
ABplaaap,265.7132320625,259.1430499625,15.76765557625,ABplaaapa,ABplaaapp,170
ABplaapa,250.270460775,245.14303625,15.91986544,ABplaapaa,ABplaapap,170
ABplaapp,297.15491685,244.1556152375,15.54325770875,ABplaappa,ABplaappp,170
ABplapaa,297.207555225,258.170270525,15.61370347625,ABplapaaa,ABplapaap,175
ABplapap,337.23826315,256.05576955,15.431010805,ABplapapa,ABplapapp,170
ABplappa,341.7497561,243.356487425,15.49504072375,ABplappaa,ABplappap,170
ABplappp,389.4516323625,240.523742775,15.70356444125,ABplapppp,ABplapppa,175
ABplpaaa,268.0258883,229.60323555,15.85382651125,ABplpaaap,ABplpaaaa,180
ABplpaap,303.7640945625,230.0749154875,15.90275493125,ABplpaapa,ABplpaapp,175
ABplpapa,313.8273015125,225.9452955375,15.58783495375,ABplpapap,ABplpapaa,170
ABplpapp,358.3766306125,226.01833075,15.43176649625,ABplpappp,ABplpappa,170
ABplppaa,334.9985999,231.2939905125,15.7776406875,ABplppaap,ABplppaaa,175
ABplppap,371.9210455375,232.662761525,15.6490257775,ABplppapa,ABplppapp,175
ABplpppa,391.4513956875,228.4018054375,15.55431284875,ABplpppaa,ABplpppap,170
ABplpppp,423.408082175,230.3263811875,15.815061995,ABplppppp,ABplppppa,170
ABpraaaa,302.3320770125,279.5323647375,14.87795479125,ABpraaaap,ABpraaaaa,170
ABpraaap,336.8476804625,282.134031275,15.0163246025,ABpraaapp,ABpraaapa,165
ABpraapa,361.5723653875,283.07734075,14.86623117875,ABpraapaa,ABpraapap,170
ABpraapp,400.040120675,279.5746374,14.9008463275,ABpraappa,ABpraappp,170
ABprapaa,393.5024833625,281.788400625,15.36924603625,ABprapaap,ABprapaaa,175
ABprapap,437.497527114286,281.358785571429,15.3457970514286,ABprapapp,ABprapapa,170
ABprappa,458.9955095,276.383766675,14.98970269875,ABprappap,ABprappaa,170
ABprappp,487.750385225,268.17881065,15.20960044375,ABprapppp,ABprapppa,175
ABprpaaa,371.8862710625,277.57265765,14.67763995625,ABprpaaap,ABprpaaaa,180
ABprpaap,409.0264757,277.714266675,14.710109855,ABprpaapa,ABprpaapp,175
ABprpapa,413.1438772,270.64072515,14.653198175,ABprpapaa,ABprpapap,165
ABprpapp,448.7854097375,263.7149042625,14.72059524,ABprpappa,ABprpappp,165
ABprppaa,438.6560775375,276.9960083875,14.81984252375,ABprppaaa,ABprppaap,175
ABprppap,467.4324716125,271.350144075,14.83007246375,ABprppapp,ABprppapa,175
ABprpppa,491.7578566875,267.8921514875,14.8652492475,ABprpppaa,ABprpppap,170
ABprpppp,491.89358325,257.4102640875,14.996723575,ABprppppa,ABprppppp,170
Caaaa,443.09971735,252.42628365,15.55064713875,hyp7,hyp7,220
Caaap,485.438481575,248.4232965625,15.6102085025,hyp7,hyp7,222
Caapa,511.020026475,249.72994475,15.31788426625,DVC,Caapap,330
Caapp,508.556925075,246.226209675,15.16942034875,hyp7,PVR,235
Capaa,431.641790375,245.29471785,14.76727542,Capaap,Capaaa,250
Capap,458.4035970125,248.7776301625,14.71539501875,Capapp,Capapa,250
Cappa,471.131243875,241.8961320875,15.11417957,Cappaa,Cappap,240
Cappp,485.9527444375,246.8220968625,14.96876789125,Capppa,Capppp,240
Cpaaa,444.4665050375,265.80457795,15.47470474875,hyp7,hyp7,222
Cpaap,490.1382874,262.9152498,15.45060406625,hyp7,hyp7,220
Cpapa,515.2941892,259.3526321875,15.181369965,hyp7,hyp7,230
Cpapp,517.75479715,252.42200955,15.10576822625,hyp7,hyp11,235
Cppaa,448.6339739,259.3498389875,14.6175363125,Cppaaa,Cppaap,250
Cppap,466.5476277125,254.609152975,14.72715692,Cppapa,Cppapp,250
Cpppa,485.7550787,258.8352979125,14.91365872375,Cpppaa,Cpppap,240
Cpppp,490.967669225,254.6327006125,14.94052622125,Cppppp,Cppppa,240
Daaa,378.959347425,233.61228445,15.066561485,mu bod,mu bod,275
Daap,401.1032942625,235.7406623,14.67618144375,mu bod,mu bod,278
Dapa,396.84832335,231.740153725,14.95318496375,mu bod,mu bod,270
Dapp,426.7361129375,236.923676175,14.8298511575,Dappp,Dappa,265
Dpaa,385.39456055,270.7817293375,14.964586245,mu bod,mu bod,275
Dpap,404.7112368375,264.24365185,14.7457772325,mu bod,mu bod,277
Dppa,401.43053775,277.1328603,15.00429499625,mu bod,mu bod,270
Dppp,431.0704413375,269.5305177125,14.9749151475,Dpppp,Dpppa,265
Ealaa,317.06295415,249.1490537125,15.01746750625,int1DL,int1VL,360
Earaa,322.9341672625,261.8603508,14.86689327125,int1DR,int1VR,360
Eplpp,477.4897414375,250.7863692875,15.04524707125,int8L,int9L,375
MSaaaa,239.7663674375,248.033084975,14.8980927125,MSaaaap,MSaaaaa,180
MSaaap,285.858586585714,246.760897885714,14.5588204257143,MSaaapa,MSaaapp,188
MSaapa,309.80649305,239.43084695,14.530900825,MSaapaa,MSaapap,180
MSaapp,358.463894175,238.25528825,14.52473266,MSaappa,MSaappp,194
MSapaa,291.7738483875,238.4952619375,15.03987952125,MSapaaa,MSapaap,188
MSapap,320.9070892,236.1746555625,14.90680543375,MSapapa,MSapapp,188
MSappa,352.2790228375,237.5039149875,14.74392639,MSappaa,MSappap,194
MSappp,381.87826005,235.5156911,14.9597869225,MSapppa,MSapppp,194
MSpaaa,291.1192282,257.1864421,14.5887024225,MSpaaaa,MSpaaap,185
MSpaap,331.8053217375,252.7093203375,14.44994525625,MSpaapp,MSpaapa,190
MSpapa,355.3575333875,247.549694675,14.43180635125,MSpapap,MSpapaa,185
MSpapp,402.3732035375,245.106216125,14.5338365625,MSpappp,MSpappa,195
MSppaa,334.8434978875,262.8764708125,14.57655840625,MSppaaa,MSppaap,190
MSppap,374.31457385,262.0592886,14.5186719575,MSppapa,MSppapp,190
MSpppa,387.8519284625,256.4474587125,14.4828257125,MSpppap,MSpppaa,195
MSpppp,414.625820325,256.9632383375,14.6537292825,MSppppa,MSppppp,195
ABalaapaa,203.247284214286,262.895024471429,14.7966178071429,ABalaapaap,ABalaapaaa,240
ABalaapap,227.5126367,268.375699457143,14.7646575185714,ABalaapapp,ABalaapapa,240
ABalaappa,223.365347114286,269.337686785714,15.1536514985714,ABalaappaa,ABalaappap,240
ABalaappp,246.583760657143,270.810421642857,15.2679898942857,ABalaapppp,ABalaapppa,220
ABalapaaa,202.573301325,250.3098058625,15.482230275,ABalapaaaa,ABalapaaap,215
ABalapaap,218.4482886875,245.3479069,15.501682965,ABalapaapp,ABalapaapa,215
ABalapapa,231.3168415,252.6477704625,15.68705704375,ABalapapaa,ABalapapap,215
ABalapapp,266.4525521375,250.3583389875,15.4495095875,ABalapappp,ABalapappa,210
ABalappaa,204.942012325,258.7692868875,15.49742025375,ABalappaaa,ABalappaap,240
ABalappap,228.366163975,263.5831401125,15.46353012375,ABalappapp,ABalappapa,215
ABalapppa,256.170171175,265.6557748125,15.48369956875,ABalapppaa,ABalapppap,213
ABalpappa,261.748501825,241.182356825,14.620240435,ABalpappap,ABalpappaa,217
ABalpappp,294.00697025,241.9152080625,14.44660856875,ABalpapppa,ABalpapppp,215
ABalppaaa,216.9500050125,236.868261825,15.25964385875,ABalppaaap,ABalppaaaa,237
ABalppaap,236.4428430625,232.027458975,15.19631278625,ABalppaapa,ABalppaapp,230
ABalppapa,254.5924837125,233.8286718125,14.92245102375,ABalppapap,ABalppapaa,220
ABalpppap,262.6855289625,234.471277525,15.3675434625,ABalpppapa,ABalpppapp,225
ABaraaaap,224.5005156125,257.1964879625,14.91723996125,ABaraaaapa,ABaraaaapp,250
ABarapapa,297.7603646875,260.872126725,14.63695653875,ABarapapap,ABarapapaa,215
ABarapapp,327.1134725125,258.7916715375,14.489224635,ABarapappp,ABarapappa,210
ABarappaa,295.6377349875,265.9298162,14.69827808875,ABarappaaa,ABarappaap,228
ABarappap,328.3410838375,266.2012889375,14.54864716625,ABarappapp,ABarappapa,220
ABarapppa,299.7410894625,270.7511562,14.7246597525,ABarapppap,ABarapppaa,220
ABarapppp,330.934013575,271.6127943375,14.639024085,ABarappppp,ABarappppa,218
ABarpaaaa,230.9854344375,259.770362875,15.88516008625,ABarpaaaap,ABarpaaaaa,240
ABarpaaap,258.3792251,261.6409993,15.8850886025,ABarpaaapa,ABarpaaapp,240
ABarpaapa,285.4664336625,263.56803095,15.5161095175,hyp7,hyp6,225
ABarpaapp,331.4146965125,264.7105232625,15.36004579,hyp7,hyp7,215
ABarpapaa,255.4585618,272.6772112125,15.63729572875,ABarpapaaa,ABarpapaap,235
ABarpapap,287.47032165,273.290124125,15.5292309075,hyp4,hyp6,230
ABarpappa,308.465358325,277.0823115125,15.6393469125,hyp5,XXXR,240
ABarpappp,339.357866775,275.9043993,15.40221563375,H1R,H0R,225
ABarppaaa,341.558572375,254.658611,15.61128924875,ADEshL,H2L,235
ABarppaap,376.5314898625,252.22884725,15.412777815,hyp7,ABarppaapp,230
ABarppapa,401.082579125,246.24693375,15.44071915375,V1L,V2L,230
ABarppapp,445.1155318625,244.9025483375,15.5223612775,V6L,V4L,230
ABarpppaa,359.143915375,271.5220575625,15.63986996375,ADEshR,H2R,235
ABarpppap,391.3235897375,270.330366275,15.48730850875,hyp7,ABarpppapp,230
ABarppppa,416.18731615,273.007261675,15.44336804,V1R,V2R,230
ABarppppp,456.311765025,270.54802225,15.5797760225,V6R,V4R,230
ABplaaaaa,231.329903925,247.763085575,15.86905085375,ABplaaaaaa,ABplaaaaap,235
ABplaaaap,259.910291025,250.078412,15.75911666125,hyp6,hyp6,230
ABplaaapa,284.5702009125,248.8360925875,15.7639267875,XXXL,hyp5,240
ABplaaapp,317.6957753375,247.87138655,15.503493855,H1L,H0L,225
ABalaaaala,0,0,0,ABalaaaalar,AINL,325
ABalaaaalp,0,0,0,ABalaaaalpa,ILshL,317
ABalaaaarl,0,0,0,ABalaaaarla,RMEL,310
ABalaaaarr,0,0,0,RMER,ABalaaaarra,310
ABalaaapal,0,0,0,AVDL,ILsoL,285
ABalaaapar,0,0,0,ILshDL,ABalaaaparl,295
ABalaaappl,0,0,0,ABalaaapplr,ILshDR,295
ABalaaappr,0,0,0,ILsoR,AVDR,285
ABalaapaaa,201.613902171429,264.952550614286,14.8197718685714,ABalaapaaal,AINR,325
ABalaapaap,227.373112942857,268.892160614286,14.6311100342857,ABalaapaapa,ILshR,317
ABalaapapp,249.871455942857,274.659698742857,14.7315492785714,ABalaapappa,CEPsoVR,295
ABalaappap,225.269596328571,272.6323597,14.99799177,OLQsoVR,AVAR,295
ABalaapppa,211.043232285714,272.0702231,15.3438337742857,RIAR,ABalaapppap,310
ABalaapppp,231.103605557143,275.039403885714,15.4651998471429,ABalaappppa,IL2R,290
ABalapaaaa,188.9576708,247.223869975,15.27418264875,AVHL,ABalapaaaap,335
ABalapaaap,203.0772301875,244.8236518625,15.6341268975,CANL,OLLsoL,290
ABalapaapa,203.0554224,239.908025075,15.42731863375,RIAL,ABalapaapap,317
ABalapaapp,221.026468525,236.9083539,15.464901625,ABalapaappa,IL2L,285
ABalapaappa,124.7777778,191.9722222,15.7888888866667,IL1L,ABalapaappap,397
ABalapapap,223.30536875,249.11940485,15.76987220875,URYDL,ABalapapapa,285
ABalapappa,243.1074538125,242.0160681625,15.6104904275,ABalapappaa,IL2DL,280
ABalapappaa,158.208536866667,239.27833255,15.8583656616667,IL1DL,ABalapappaap,390
ABalapappp,274.269983875,242.3573817625,15.605416905,AVJL,CEPsoDL,290
ABalappaap,196.3190119375,258.1782474375,15.60735169,ABalappaapp,RID,340
ABalappapa,196.337502925,268.174439825,15.47599257,ABalappapap,AVHR,325
ABalappapp,212.95769125,272.3608747125,15.63108516875,CANR,OLLsoR,290
ABalapppaa,213.5307424,264.7664512,15.74956040875,ALA,RMED,303
ABalapppap,236.8090727375,268.1485680625,15.8809818725,URYDR,ABalapppapa,285
ABalappppa,256.368527225,272.7973409,15.60157208,IL2DR,ABalappppaa,280
ABalappppaa,152.40974024,268.33492064,15.3459379516,IL1DR,ABalappppaap,390
ABalappppp,287.0524126125,273.139004,15.60608973375,CEPsoDR,AVJR,290
ABalpaaaaa,212.8527471875,245.8930726625,14.5935837575,m2VL,e3VL,320
ABalpaaaap,238.719895925,246.4375151875,14.55283715625,m1VL,ABalpaaaapp,320
ABalpaaapa,243.9557346875,242.465399725,14.61057113625,m2L,ABalpaaapap,342
ABalpaaapp,265.4827939625,242.74293445,14.61010345,MCL,ABalpaaappa,337
ABalpaapaa,200.93070685,248.1684192125,14.68317312,e2DL,arc post DL,300
ABalpaapap,225.9461578,242.60790005,14.72249712125,mc1DL,m3L,280
ABalpaappa,214.9091587125,236.136320875,14.66821826875,arc post VL,arc ant DL,305
ABalpaappp,239.923475975,234.0404434875,14.662923305,hyp1DL,hyp2DL,295
ABalpapaaa,240.1537568875,236.9291573375,14.3745708975,RIPL,hyp2V,285
ABalpapaap,265.1687058125,237.3026142875,14.289522855,ABalpapaapp,arc ant V,310
ABalpapapa,279.040683425,232.211648725,14.415073895,RMDDL,ABalpapapap,285
ABalpapapap,279.257716033333,200.851851866667,7.75740740733333,SMBDL,ABalpapapapa,390
ABalpapapp,306.1323315,231.578593225,14.336611865,SMBVL,ABalpapappa,305
ABalpappaa,266.8572495,242.0998912125,14.469235015,ABalpappaap,ABalpappaaa,295
ABalpappaap,233.20555555,245.60925925,10.704444445,ABalpappaapp,I2L,385
ABalpappap,292.2712292,240.523026528571,14.0285141485714,mc3V,e2V,270
ABalpapppa,289.2370434875,243.05125485,14.4177231075,ABalpapppap,I1L,318
ABalpapppp,320.2683894625,241.7601892875,14.29521197375,mc1V,m3VL,258
ABalppaaap,212.323787525,231.603922475,15.06004306875,AVAL,OLQsoVL,295
ABalppaapp,243.5939562375,224.9483347875,15.00085445875,CEPsoVL,ABalppaappa,305
ABalppapaa,241.09743625,227.886963975,14.711711275,RMDVL,ILshVL,300
ABalppapap,265.0221871875,228.837887625,14.5675525625,SAADL,ILsoVL,292
ABalppappa,276.28569075,227.04139405,14.48644950625,BAGL,SMDVL,290
ABalppappp,303.68028495,225.3431932625,14.60046487375,IL2VL,ABalppapppa,285
ABalppapppa,243.43977776,220.29555556,11.4443,IL1VL,ABalppapppap,410
ABalpppaaa,220.9052029125,226.905042975,15.30700893,AVEL,OLQshVL,315
ABalpppaap,231.9203245875,226.2306738125,15.58593103625,OLLshL,ABalpppaapv,320
ABalpppapa,244.7220788875,223.5516999875,15.17732461125,RMDL,AFDL,305
ABalpppapp,263.880262875,223.0403707625,15.37460801625,ABalpppappa,ABalpppappp,285
ABalpppappp,196.80086206,134.9952299,17.434051724,ASKL,ABalpppapppp,375
ABalppppaa,246.5925635875,232.6381989,15.29343594875,ABalppppaav,ADLL,290
ABalppppap,266.66214655,231.2042489125,15.536253715,ABalppppapp,ABalppppapa,300
ABalppppapa,205.552328783333,201.120785083333,17.6089969116667,ABalppppapap,OLLL,410
ABalpppppa,283.703285242857,232.200038985714,15.1822972942857,ADFL,AWBL,280
ABalpppppp,312.5437453125,227.115562925,15.38889913125,ABalppppppp,ABalppppppa,255
ABalppppppa,270.982220585714,220.959500057143,15.6683119385714,ABalppppppap,ASEL,342
ABalppppppp,294.813380942857,212.266354257143,15.9057028114286,AUAL,ASJL,342
ABaraaaaaa,197.411485725,254.0341153,14.7668581625,e1VL,m1L,325
ABaraaaaap,216.05380325,260.84542465,14.85744037125,e1VR,m1R,330
ABaraaaapa,207.3605037875,257.635996,14.83144361625,e1D,ABaraaaapaa,325
ABaraaapaa,214.2307466625,256.4923608625,14.6337905075,e2DR,arc post DR,295
ABaraaapap,241.1137783875,257.285912075,14.6084235725,mc1DR,m4R,280
ABaraaappa,234.8780345,263.7465399,14.6508790375,arc post D,arc post VR,305
ABaraaappp,257.160547075,266.4827969,14.62506088375,hyp1DR,arc ant DR,300
ABaraapaaa,217.36662955,250.2506239,14.706085935,m1DL,e3D,300
ABaraapaap,241.079900875,249.62070855,14.72507058625,m2DL,mc2DL,290
ABaraapapa,258.9834099875,246.336312825,14.62829784625,m5L,ABaraapapaa,280
ABaraapapaa,229.198073314286,247.586679757143,14.5988902185714,NSML,ABaraapapaad,415
ABaraapapp,283.1968595875,247.9535186625,14.63484431,M2L,M3L,325
ABaraappaa,231.930431775,259.164499975,14.77319720375,MI,m1DR,305
ABaraappap,257.7659060625,258.2671462375,14.692428155,mc2DR,m2DR,290
ABaraapppa,280.0132789,258.6021795625,14.59599124,ABaraapppaa,m5R,280
ABaraapppaa,266.228864971429,276.340028928571,14.7476126085714,NSMR,ABaraapppaad,415
ABaraapppp,306.4971675625,259.3030009875,14.7213627175,M3R,M2R,320
ABarapaaaa,255.8151487375,255.3968112375,14.67581452375,e3VR,m2VR,318
ABarapaaap,275.4821419125,255.428445825,14.57096545125,m1VR,ABarapaaapp,320
ABarapaapa,261.1912871875,256.8151815875,14.548653735,m2R,ABarapaapap,340
ABarapaapp,284.8762906625,256.487368975,14.45906311,MCR,m3R,290
ABarapapaa,289.5874098375,258.0181299375,14.22876545125,ABarapapaap,ABarapapaaa,308
ABarapapaap,237.33333335,275.25,12.496666665,I2R,ABarapapaapp,385
ABarapapap,314.87809035,255.064230525,14.18539919375,arc post V,I5,280
ABarapappa,304.54717725,256.2111205875,14.48647173,ABarapappap,I1R,318
ABarapappp,334.3402244375,255.9416294875,14.32912132125,m3VR,mc2V,265
ABarappaaa,290.5475652875,266.207686225,14.53336834125,ABarappaaap,RIPR,305
ABarappaap,315.9331185375,265.1610590125,14.4289441925,hyp1V,ABarappaapp,315
ABarappapa,319.1717925375,271.33627715,14.42925940625,ABarappapap,RMDDR,292
ABarappapap,335.854545466667,338.5860606,12.5467272733333,SMBDR,ABarappapapa,405
ABarappapp,348.19922525,269.302295625,14.4381061225,SMBVR,DB2,300
ABarapppaa,264.4860311375,270.941897725,14.658701,RMDVR,ILshVR,295
ABarapppap,288.2776794,270.611367775,14.62901494375,SAADR,ILsoVR,295
ABarappppa,297.11563205,274.4663534625,14.7966663,SMDVR,BAGR,295
ABarappppp,322.36965965,277.5172788875,14.7490176875,ABarapppppa,IL2VR,290
ABarapppppa,311.90909092,313.1023173,14.3237076654,IL1VR,ABarapppppap,310
ABarpaaaaa,214.76866005,261.1069695625,16.11115789875,OLQsoDL,OLQsoDR,320
ABarpaaaap,235.7948639125,254.9929298,16.00684542625,CEPshDL,OLQshDL,320
ABarpaaapa,245.425540925,262.134054775,15.86403348625,CEPshDR,OLQshDR,315
ABarpapaaa,233.064828775,272.9131256875,16.21418838,URADR,CEMDR,320
ABarpapaap,259.469572625,274.6557736625,16.08890470625,ABarpapaapp,ABarpapaapa,295
ABarpapaapp,214.01825395,321.45198415,24.2899603175,URXR,CEPDR,380
ABarppaapp,420.773092625,240.85749215,15.8259716425,BDUL,ALML,435
ABarpppapp,420.947140975,275.75236605,15.64305791125,BDUR,ALMR,435
ABplaaaaaa,228.9490932625,246.021664925,16.17089487,CEMDL,URADL,320
ABplaaaaap,254.968341225,245.504823675,16.05802622125,ABplaaaaapp,ABplaaaaapa,295
ABplaaaaapp,221.686549725,213.70526315,23.1541812875,URXL,CEPDL,380
ABplaapaa,257.489780925,238.6757853625,15.71530842125,ABplaapaap,ABplaapaaa,230
ABplaapaaa,235.647116825,236.3803365625,15.94370385875,ILsoDL,hyp3,310
ABplaapaap,262.6979037875,234.6737183875,15.7995406275,AMshL,URBL,290
ABplaapap,294.511576425,237.9564613625,15.74057265875,ABplaapapp,ABplaapapa,230
ABplaapapa,277.38419835,228.689588,15.74676905125,AWAL,ASGL,310
ABplaapapp,301.114679275,231.353643525,15.74561657125,AIBL,ABplaapappp,285
ABplaapappp,241.224358966667,256.406517083333,14.7800747861667,ABplaapapppp,ASIL,400
ABplaappa,316.659013775,233.941984725,15.54167587,hyp6,hyp4,230
ABplaappp,353.6677632,233.151166675,15.45707217625,hyp7,hyp7,215
ABplapaaa,335.7859538625,241.380663025,15.58919644625,ABplapaaaa,ABplapaaap,220
ABplapaaaa,344.2781827125,238.776617025,15.33330202875,ABplapaaaap,ABplapaaaaa,307
ABplapaaaap,367.40284076,224.55968028,15.425410097,ADAL,ADEL,425
ABplapaaap,368.6219505,237.0900050625,15.41546723,ABplapaaapa,RMGL,306
ABplapaaapa,370.942000075,209.3077499,15.38719449,AIZL,FLPL,425
ABplapaap,371.8364479,241.063005675,15.62533911625,G2,P1,225
ABplapapa,400.077207325,240.8765580375,15.520181445,ABplapapaa,P9,215
ABplapapaa,465.787268971429,235.667014357143,15.6855345985714,QL,V5L,735
ABplapapaa,442.2370572,228.9155313,14.40354223,QL,V5L,735
ABplapapp,439.083849725,240.025762,15.427726685,ABplapappp,P11,215
ABplapappp,501.222905625,238.5284407,15.18711331625,ABplapapppp,ABplapapppa,305
ABplapapppp,603.258610966667,241.653177733333,17.62824205,ABplapappppa,ABplapappppp,400
ABplapappppa,0,0,0,PLML,ALNL,485
ABplappaa,389.88072395,233.8117564375,15.41664065375,P5,P3,215
ABplappap,424.664401075,233.513522125,15.43738584625,V3L,P7,215
ABplapppa,442.4881709125,233.110129625,15.27244438,ABplapppap,ABplapppaa,230
ABplapppaa,454.7286852125,233.345769775,15.29006780125,PVQL,ABplapppaap,310
ABplapppap,472.3934237125,236.773328,15.28544697375,ABplapppapa,ABplapppapp,285
ABplapppapp,557.160640733333,230.706865,15.5006229333333,PHBL,HSNL,405
ABplapppp,467.1919392875,234.829075475,15.2581083175,TL,hyp7,230
ABplpaaaa,262.4986485375,231.0286042625,15.2567156,ABplpaaaap,ABplpaaaaa,225
ABplpaaaaa,264.37734545,227.19798185,14.81010666375,SAAVL,AWCL,295
ABplpaaaap,289.1390003875,224.1723814,14.7951363325,DB1,exc duct,290
ABplpaaap,293.397584875,228.536391375,15.2811930875,ABplpaaapp,ABplpaaapa,225
ABplpaaapa,290.3975390875,221.3599106,14.90906987375,URAVL,CEPshVL,305
ABplpaaapp,311.258026125,220.6286323,14.85500393625,URYVL,ABplpaaappa,295
ABplpaaappa,244.25,184.770833325,12.00833333325,ABplpaaappap,OLQVL,415
ABplpaapa,291.7846338,227.97338555,15.37276942125,ABplpaapap,ABplpaapaa,227
ABplpaapaa,272.1563383125,223.6297124875,15.0120276825,AVBL,RIVL,305
ABplpaapap,295.49823555,220.26366045,15.15130674875,AMsoL,CEMVL,310
ABplpaapp,328.4129066125,227.9356930625,15.3145522025,ABplpaappa,ABplpaappp,215
ABplpaappa,318.165052675,219.8676002125,15.14876061875,ASHL,RIBL,295
ABplpaappp,338.69542345,218.8058972,14.999860665,ABplpaapppp,AIML,280
ABplpaapppp,299.132653057143,201.741322161429,14.9867085285714,ABplpaappppp,CEPVL,400
ABplpapaa,307.6262128625,230.9150447875,14.85848481875,ABplpapaap,ABplpapaaa,217
ABplpapaaa,313.5575400875,229.9741020625,14.37072512875,AIYL,SMDDL,305
ABplpapaap,337.2460941875,227.8370881625,14.4068823575,SIADL,SIBVL,300
ABplpapapa,346.0312813375,227.7703744875,14.21885284375,exc gl L,AVKL,290
ABplpapapp,372.8379501,231.5842593,14.2333618975,SIAVL,DB5,295
ABplpappa,350.40599955,234.271313675,14.55475116875,ABplpappap,ABplpappaa,210
ABplpapppa,386.2241599375,239.5111897375,14.1641993875,rect hyp,K,280
ABplppaaa,337.5583960375,228.8212329625,15.1334745025,ABplppaaap,ABplppaaaa,230
ABplppaaaa,328.2771159625,228.3325004,15.02227816375,ABplppaaaap,SIBDL,298
ABplppaaaap,339.87442925,134.47097195,13.74520548,ABplppaaaapa,RICL,408
ABplppaapa,364.7661921625,225.632378225,14.655504535,ABplppaapaa,RIML,310
ABplppaapp,390.7558466625,227.618696225,14.65098127125,AIAL,DB6,305
ABplppapaa,359.7292533375,226.0404917875,14.9552044625,ABplppapaaa,SABD,295
ABplppapaaa,379.6267974,135.4006536,13.60140523,SABVL,RIFL,415
ABplppapap,388.3099489375,224.8747697375,14.87725021375,DA4,DA2,315
ABplppappa,406.4267528875,227.71476405,14.926263405,DD1,RIGL,308
ABplppappp,432.7533401,229.3548899875,14.8884306525,DD3,DD5,320
ABplpppaaa,412.5169705625,229.792309025,14.838382925,DA9,DA6,295
ABplpppaap,440.027405125,231.5206478875,14.83821212125,PHAL,ABplpppaapa,285
ABplpppaapa,563.3648025,269.5357143,15.4907991886667,PVCL,LUAL,330
ABplpppap,436.872811971429,226.195405042857,14.7654123671429,ABplpppapa,ABplpppapp,225
ABplpppapa,459.544227628571,233.497752057143,14.6870116171429,hyp8,PHshL,275
ABplppppaa,400.388250125,234.5995537125,14.6118206525,PVPL,rect VL,295
ABplppppap,426.422057675,237.3712511125,14.73996204625,U,F,280
ABplppppp,434.6017287875,237.637005825,14.9630238575,ABplpppppp,ABplpppppa,220
ABplpppppa,438.973115375,244.2612778,14.66996960625,mu anal,mu int L,295
ABplpppppp,462.4567416625,245.57308145,14.74924828125,tail spike,hyp10,295
ABpraaaaa,254.6112175,276.5130474875,15.11175759625,ABpraaaaap,ABpraaaaaa,240
ABpraaaaaa,240.3684749625,284.0425356375,15.0949523675,AVER,OLQshVR,315
ABpraaaaap,254.85330205,287.346327475,15.293456375,OLLshR,ABpraaaaapv,325
ABpraaaap,281.3027653375,279.30655975,15.14505025875,ABpraaaapp,ABpraaaapa,227
ABpraaaapa,264.10237055,284.9446097875,15.1707635175,RMDR,AFDR,305
ABpraaaapp,282.7940678125,288.863673725,15.3351432575,ABpraaaappp,ABpraaaappa,290
ABpraaaappp,224.5781818,365.14545455,15.257454545,ABpraaaapppp,ASKR,385
ABpraaapa,273.113255775,277.8596149875,15.270191695,ABpraaapaa,ABpraaapap,226
ABpraaapaa,251.0773832,278.5903542,15.41358816,ADLR,ABpraaapaav,295
ABpraaapap,269.249792825,282.2089673,15.5060780975,ABpraaapapp,ABpraaapapa,300
ABpraaapapa,177.4285714,364.7619048,22.14761905,OLLR,ABpraaapapap,405
ABpraaapp,310.237516325,278.1830907125,15.08115305875,ABpraaappa,ABpraaappp,220
ABpraaappa,287.9506999625,281.872356475,15.39790846,AWBR,ADFR,280
ABpraaappp,313.81585225,284.415017,15.4104010425,ABpraaapppa,ABpraaapppp,260
ABpraaapppa,286.648759328571,301.541480885714,15.7497444914286,ASER,ABpraaapppap,350
ABpraaapppp,307.681726785714,312.636579414286,16.5453758214286,AUAR,ASJR,350
ABpraapaa,307.0279614,281.3922726125,15.4191793975,ABpraapaaa,ABpraapaap,230
ABpraapaaa,243.23726835,280.486098675,15.9116217925,ILsoDR,hyp3,305
ABpraapaap,273.2215261,283.3816138375,15.7134279075,URBR,AMshR,295
ABpraapap,342.6860791125,281.2171291375,15.46727931375,ABpraapapa,ABpraapapp,230
ABpraapapa,291.894194975,286.6171346,15.84442331125,AWAR,ASGR,310
ABpraapapp,315.9045691625,286.6775613875,15.76923005875,AIBR,ABpraapappp,295
ABpraapappp,265.097222233333,305.625,16.126388889,ABpraapapppp,ASIR,395
ABpraappa,360.637428025,282.52580735,15.16749661625,hyp6,hyp4,230
ABpraappp,398.51988835,279.9459937875,15.0986842025,hyp7,hyp7,223
ABprapaaa,377.86907115,280.8660846875,15.53964715125,ABprapaaaa,ABprapaaap,225
ABprapaaaa,361.994441875,281.0437966625,15.33521981125,ABprapaaaaa,ABprapaaaap,310
ABprapaaaap,348.945075766667,232.261904766667,7.124107143,ADAR,ADER,425
ABprapaaap,385.17438245,278.636260425,15.32360049625,ABprapaaapa,RMGR,305
ABprapaaapa,371.135785725,278.6988824,14.13715066,AIZR,FLPR,425
ABprapaap,415.95299635,280.1334727125,15.5739201625,W,P2,225
ABprapapa,451.1415924375,278.251889575,15.33475914375,P10,ABprapapaa,223
ABprapapaa,473.377613775,274.7381426125,15.421221375,QR,V5R,730
ABprapapp,484.180415925,272.1804094875,15.25043192375,P12,ABprapappp,223
ABprapappp,514.6906250875,266.2558568625,15.15000404375,ABprapapppa,ABprapapppp,300
ABprapapppp,597.928024066667,259.993842366667,14.7443760266667,ABprapappppa,ABprapappppp,395
ABprapappppa,0,0,0,ALNR,PLMR,475
ABprappaa,434.2275040375,278.811199625,14.9677297925,P6,P4,223
ABprappap,467.5914143125,274.8727194875,14.99446652,P8,V3R,223
ABprapppa,480.8926754375,271.972529875,14.98856846125,ABprapppap,ABprapppaa,230
ABprapppaa,468.4833209375,269.9279042,15.4640890225,PVQR,ABprapppaap,315
ABprapppap,485.714025125,266.389609675,15.43304143625,ABprapppapa,ABprapppapp,290
ABprapppapp,557.9912281,230.5593395,17.631527345,PHBR,HSNR,405
ABprapppp,497.803467925,266.008252425,14.98859792375,TR,hyp7,230
ABprpaaaa,302.871025425,275.964386225,14.75651109625,ABprpaaaap,ABprpaaaaa,225
ABprpaaaaa,277.5405497125,277.461560725,14.81865611,AWCR,SAAVR,297
ABprpaaaap,303.336591725,280.6642845125,14.77844755625,DB3,G1,293
ABprpaaap,336.4804204,279.6651175875,14.82661463,ABprpaaapp,ABprpaaapa,225
ABprpaaapa,308.222073875,282.2228175125,15.04016087875,URAVR,CEPshVR,310
ABprpaaapp,331.0380825625,282.889621025,14.92352025,URYVR,ABprpaaappa,295
ABprpaaappa,316.48333335,375.975,9.76,ABprpaaappap,OLQVR,408
ABprpaapa,337.608259125,280.8334530625,14.88907469375,ABprpaapaa,ABprpaapap,225
ABprpaapaa,288.57948955,284.2458635125,15.01078260125,AVBR,RIVR,300
ABprpaapap,312.9236718,288.1156801,15.15493423875,AMsoR,CEMVR,303
ABprpaapp,371.3023563,280.697377575,14.87553621,ABprpaappp,ABprpaappa,220
ABprpaappa,334.0230949125,286.6140100375,15.13622495125,RIBR,ASHR,300
ABprpaappp,354.6647094875,287.03990025,15.0582501375,AIMR,ABprpaapppp,295
ABprpaapppp,322.337837833333,394.864864866667,11.3238738733333,CEPVR,ABprpaappppp,408
ABprpapaa,353.2380534125,270.8754051625,14.5605006125,ABprpapaap,ABprpapaaa,225
ABprpapaaa,334.1566464875,272.7257586375,14.3632557775,SMDDR,AIYR,305
ABprpapaap,358.83361925,274.35153145,14.40279528125,SIBVR,SIADR,300
ABprpapap,374.349602875,268.7215373125,14.57011324,ABprpapapa,ABprpapapp,220
ABprpapapa,369.97514415,269.72901695,14.312794505,AVKR,exc gl R,290
ABprpapapp,396.4181472,267.789189575,14.31535443625,SIAVR,DA8,297
ABprpappa,381.6623097625,264.397168875,14.4464844775,ABprpappap,ABprpappaa,220
ABprpappaa,347.3847188,261.60347505,14.34993961375,RIH,AVL,290
ABprpappap,375.877263575,257.8500229125,14.31485597,DB4,RIS,290
ABprpappp,413.3059654875,264.33757235,14.6129635475,ABprpapppp,ABprpapppa,225
ABprpapppa,402.592947275,259.7039206,14.14763707625,AVG,RIR,295
ABprpapppp,434.1722700375,255.74876135,14.3035293125,virR,virL,290
ABprppaaa,372.1946377875,275.894744625,14.8093525175,ABprppaaaa,ABprppaaap,230
ABprppaaaa,339.434279825,277.0681965625,14.93202045625,SIBDR,ABprppaaaap,297
ABprppaap,400.429984625,273.7843396625,14.7293341425,ABprppaapa,ABprppaapp,235
ABprppaapa,383.4055972625,273.55661895,14.8164455925,RIMR,ABprppaapaa,315
ABprppaapp,409.5426891875,271.32507795,14.79060648875,AIAR,DB7,305
ABprppapa,413.375260025,274.742218575,14.76283622625,ABprppapap,ABprppapaa,230
ABprppapaa,375.7988731125,277.7465501625,15.049095015,ABprppapaaa,DA1,295
ABprppapaaa,420.48406,302.7939522,15.3101734633333,SABVR,RIFR,415
ABprppapap,403.656474975,277.30559195,14.99167780375,DA5,DA3,315
ABprppapp,443.1717618375,273.279247875,14.88879144125,ABprppappa,ABprppappp,230
ABprppappa,422.3986230625,276.7513650875,14.90786058125,RIGR,DD2,307
ABprppappp,449.8560221625,275.6275193625,15.030996185,DD6,DD4,320
ABprpppaa,450.732057175,272.749080975,14.81723515875,ABprpppaap,ABprpppaaa,228
ABprpppaaa,434.774937975,271.64853515,14.9600637675,DA7,PDA,293
ABprpppaap,463.469248375,268.8902713875,15.06046355625,PHAR,ABprpppaapa,290
ABprpppap,478.5368259375,268.1938882375,14.8293772725,ABprpppapa,ABprpppapp,228
ABprpppapa,475.75993705,263.955549725,15.05218124625,hyp9,PHshR,275
ABprppppa,442.1181402375,266.0818458375,14.7722428625,ABprppppaa,ABprppppap,225
ABprppppaa,421.862684814286,266.056424928571,14.7123137585714,rect VR,PVPR,293
ABprppppaa,410.7893615,264.8298404,15.656957745,rect VR,PVPR,293
ABprppppap,444.7821691875,265.7089779125,14.75143486375,B,DVA,280
ABprppppap,440.6901408,251.584507,16.65267606,B,DVA,280
ABprppppp,464.1620801875,260.91860135,14.8889215425,ABprpppppa,ABprpppppp,225
ABprpppppa,455.5196272375,257.887809475,14.71048991,mu sph,mu bod,293
ABprpppppa,449.2986627,253.5200594,16.71396731,mu sph,mu bod,293
ABprpppppp,479.272452075,254.39676735,14.83664077875,hyp10,tail spike,293
Capaaa,406.5180164125,238.4653414,14.93608924875,mu bod,mu bod,322
Capaap,423.476238325,247.0627084125,14.73701584875,mu bod,mu bod,330
Capapa,440.4697373375,240.9489884625,14.88916849875,mu bod,mu bod,325
Capapp,455.3003498625,245.72682065,14.70767445875,mu bod,mu bod,330
Cappaa,442.1926999375,240.07421575,14.95641489875,mu bod,mu bod,310
Cappap,461.7716345125,241.131799975,14.83170089125,mu bod,mu bod,322
Capppa,482.4376588625,241.6205799125,15.0826916525,mu bod,mu bod,322
Capppp,479.4749927125,247.8481163125,14.65821311875,mu bod,mu bod,330
Cppaaa,424.4039866,264.6075916,14.8188005,mu bod,mu bod,322
Cppaap,443.3877492375,259.4853679625,14.73790423375,mu bod,mu bod,330
Cppapa,443.9930557625,261.78469845,14.86133068625,mu bod,mu bod,325
Cppapp,460.386079925,254.5277788125,14.62135195125,mu bod,mu bod,330
Cpppaa,451.214236925,265.71219865,15.21766898,mu bod,mu bod,310
Cpppap,475.8712328625,263.2379428125,14.976535855,mu bod,mu bod,322
Cppppa,490.493075875,261.2426913,14.94806100375,mu bod,mu bod,322
Cppppp,491.3995387375,253.35975535,14.8067006075,mu bod,mu bod,330
Dappa,408.9923808375,236.096441325,15.42467430875,mu bod,mu bod,340
Dappp,443.8451130375,233.9233333625,14.930511145,mu bod,mu bod,360
Dpppa,404.4281936625,276.1415767625,15.1223468425,mu bod,mu bod,340
Dpppp,446.3487174,271.2157985125,14.417805305,mu bod,mu bod,360
MSaaaaa,216.4393961125,251.9198681875,14.96679815875,MSaaaaap,MSaaaaaa,228
MSaaaaaa,199.1234723875,253.7780781,15.11830084875,GLRDL,GLRDR,350
MSaaaaaa,0,0,0,GLRDL,GLRDR,350
MSaaaaap,222.0243439,252.0230987375,15.24879616375,m4DL,MSaaaaapa,280
MSaaaaap,0,0,0,m4DL,MSaaaaapa,280
MSaaaaapa,163.784523816667,255.547222233333,15.97515873,I3,g1P,350
MSaaaap,234.5325782875,256.5939721125,15.22064729875,MSaaaapp,MSaaaapa,235
MSaaaapa,241.981698828571,254.3332349,15.6481465128571,I4,m5DL,285
MSaaaapa,243.1364421,250.1848014,13.9044905,I4,m5DL,285
MSaaaapp,270.038843375,252.1202626125,15.34984024375,MSaaaappa,m7D,300
MSaaaapp,0,0,0,MSaaaappa,m7D,300
MSaaapa,267.9601350375,250.077176475,14.84283058125,MSaaapaa,MSaaapap,240
MSaaapaa,254.7324912625,248.62412695,15.03874796625,m4L,m3DL,285
MSaaapaa,254.6122779,250.361874,14.55605816,m4L,m3DL,285
MSaaapap,280.5681154,250.5226245625,14.84189768375,mc3DL,m8,300
MSaaapap,282.9209677,252.8112903,14.17951613,mc3DL,m8,300
MSaaapp,297.67013495,250.83649625,14.794272465,MSaaappa,vpi3D,280
MSaapaa,305.8444620875,242.0725484,14.54770154125,MSaapaaa,MSaapaap,235
MSaapaaa,297.148007125,242.5485675125,14.54476831625,m5VL,m4VL,280
MSaapaaa,297.949464,252.5543645,15.37411945,m5VL,m4VL,280
MSaapaap,319.187165075,245.882556275,14.607298915,MSaapaapa,m7VL,275
MSaapaap,319.9800613,250.9662577,14.72407975,MSaapaapa,m7VL,275
MSaapaapa,311.832094016667,229.667820516667,14.949188035,g1AL,MSaapaapap,380
MSaapap,342.663158125,243.13296855,14.41691363625,MSaapapa,MSaapapp,240
MSaapapa,322.425540425,245.128144725,14.5163412625,g2L,MSaapapap,350
MSaapapp,353.025700025,243.6000432625,14.5418844625,m6VL,vpi2DL,290
MSaappa,361.2053665875,244.36362045,14.25197090125,vpi2V,vpi3V,290
MSaappp,380.3678003,240.5282224125,14.49010840625,MSaapppa,MSaapppp,270
MSaapppa,365.7540003125,224.6740270625,14.01671504875,mu bod,mu bod,340
MSaapppp,398.5687151,226.9698386625,13.9978575225,mu bod,mu bod,370
MSapaaa,248.67578315,238.6793699375,15.11826244,MSapaaaa,mu bod,240
MSapaaaa,223.1369071125,241.8583124875,15.03236479875,GLRVL,GLRL,370
MSapaap,275.273305925,238.9830446,14.9139775325,M,MSapaapa,260
MSapapa,292.265874225,235.9893687875,15.06149186125,mu bod,MSapapaa,240
MSapapp,323.989770575,238.0699362625,15.1639649475,mu bod,mu bod,250
MSappaa,325.207454925,237.6725859875,14.80291600125,Z4,hmc,265
MSappap,350.3766958125,235.907514,14.6380548875,MSappapa,mu bod,270
MSapppa,339.8781895125,231.8999835,15.02152922625,mu bod,mu bod,260
MSapppp,372.4339253125,235.2146039875,15.12550613875,mu bod,mu bod,260
MSpaaaa,242.62305575,260.707770375,14.9539164825,MSpaaaaa,MSpaaaap,230
MSpaaaaa,216.10002335,262.9460553375,15.13483564625,MSpaaaaap,M4,330
MSpaaaap,245.093255875,261.9562120375,15.11547646625,m4DR,m3DR,290
MSpaaap,278.7370432125,262.5159757375,14.96014125125,MSpaaapa,MSpaaapp,235
MSpaaapa,260.167990475,263.9755564875,15.27117389625,M5,I6,320
MSpaaapp,288.6489226,261.6942144625,15.19626358375,m6D,m5DR,300
MSpaapa,290.67795415,260.99948935,14.7323794975,MSpaapaa,MSpaapap,245
MSpaapaa,265.9657408375,264.0525457625,15.04987657875,MSpaapaap,M1,325
MSpaapap,294.452425725,264.781950375,14.9103102475,vpi1,mc3DR,305
MSpapaa,332.4668596875,252.4044504625,14.4306222375,MSpapaap,MSpapaaa,235
MSpapaaa,314.1334369375,253.6684373125,14.359427205,m5VR,m4VR,278
MSpapaap,339.6177201,255.910966,14.45212941875,MSpapaapa,m7VR,275
MSpapaapa,331.323931633333,282.006623933333,14.597884615,g1AR,MSpapaapap,380
MSpapap,367.0615741375,252.1530818125,14.44580508125,MSpapapa,MSpapapp,240
MSpapapa,345.0988499375,254.281812675,14.2858600175,MSpapapap,g2R,355
MSpapapp,369.297496575,253.0882384,14.38015163625,m6VR,vpi2DR,290
MSpappa,383.93321035,251.397433825,14.34974254375,mu bod,mu bod,270
MSpappp,405.0623209875,252.74957805,14.41443156875,MSpapppa,MSpapppp,270
MSpapppa,387.689586642857,264.269570657143,14.6420629528571,mu bod,mu bod,345
MSpapppp,411.6451719,260.675868271429,14.2765932042857,mu bod,mu bod,365
MSppaaa,259.16713005,269.7302129375,14.9018442025,mu bod,MSppaaaa,240
MSppaap,294.3275064375,269.1533070625,14.88640699625,mu int R,MSppaapa,260
MSppapa,308.110918325,272.673378025,14.94709137125,mu bod,MSppapaa,240
MSppapaa,274.7147701125,276.88620325,15.11669629875,ccAR,ccPR,440
MSppapp,334.536745775,273.5620462875,15.078584005,mu bod,mu bod,250
MSpppaa,330.8214113875,266.8876260625,14.6898017225,MSpppaaa,Z1,265
MSpppap,361.4226916125,268.5623118375,14.66990350625,mu bod,MSpppapa,270
MSppppa,348.9259686,275.1700697,14.9894579925,mu bod,mu bod,260
MSppppp,378.1478399,273.880248825,15.041435145,mu bod,mu bod,260
