hyperedge_id,parent_cell,daughter_1,daughter_2,members,birth_time,parent_x,parent_y,parent_z,hyperedge_weight
LIN_0000,P0,AB,P1,P0|AB|P1,0,422.0777778,248.3166667,14.32666667,1.0
LIN_0001,AB,ABa,ABp,AB|ABa|ABp,17,317.7850538,251.8004257,14.70036534,1.0
LIN_0002,P1,EMS,P2,P1|EMS|P2,18,445.3393565,253.8605634,15.23819612,1.0
LIN_0003,ABa,ABar,ABal,ABa|ABar|ABal,35,251.1503697,254.4083625,15.06383718,1.0
LIN_0004,ABp,ABpr,ABpl,ABp|ABpr|ABpl,35,358.9841274,267.2765127,14.87758775,1.0
LIN_0005,P2,C,P3,P2|C|P3,42,489.6439354,252.4161763,15.43859426,1.0
LIN_0006,EMS,MS,E,EMS|MS|E,39,380.8060944,240.946264,15.09497063,1.0
LIN_0007,ABal,ABala,ABalp,ABal|ABala|ABalp,50,223.027697,245.9936991,15.47635926,1.0
LIN_0008,ABar,ABara,ABarp,ABar|ABara|ABarp,50,285.0467059,268.815807,15.18162949,1.0
LIN_0009,ABpl,ABplp,ABpla,ABpl|ABplp|ABpla,50,351.0989585,254.3836405,15.31050525,1.0
LIN_0010,ABpr,ABprp,ABpra,ABpr|ABprp|ABpra,55,410.7116493,264.9469936,14.93181156,1.0
LIN_0011,C,Cp,Ca,C|Cp|Ca,70,454.0786306,262.8908489,15.42513003,1.0
LIN_0012,P3,D,P4,P3|D|P4,68,501.8198851,247.4435227,15.54214669,1.0
LIN_0013,E,Ep,Ea,E|Ep|Ea,58,432.6886089,249.0934301,15.53709975,1.0
LIN_0014,MS,MSp,MSa,MS|MSp|MSa,58,346.9338563,243.0266701,14.66644114,1.0
LIN_0015,ABala,ABalaa,ABalap,ABala|ABalaa|ABalap,68,213.1214097,257.4950708,15.3033754,1.0
LIN_0016,ABalp,ABalpp,ABalpa,ABalp|ABalpp|ABalpa,68,242.4647281,237.7061583,15.52725042,1.0
LIN_0017,ABara,ABarap,ABaraa,ABara|ABarap|ABaraa,75,298.0093306,262.2539352,14.68890561,1.0
LIN_0018,ABarp,ABarpp,ABarpa,ABarp|ABarpp|ABarpa,68,329.2359091,277.3430934,15.38067368,1.0
LIN_0019,ABpla,ABplap,ABplaa,ABpla|ABplap|ABplaa,75,282.4308482,257.2851024,15.58957578,1.0
LIN_0020,ABplp,ABplpp,ABplpa,ABplp|ABplpp|ABplpa,67,353.5002455,238.3328287,15.68825214,1.0
LIN_0021,ABpra,ABpraa,ABprap,ABpra|ABpraa|ABprap,75,399.7654673,272.5898538,14.93826346,1.0
LIN_0022,ABprp,ABprpa,ABprpp,ABprp|ABprpa|ABprpp,75,442.3363239,256.0296736,14.8141148,1.0
LIN_0023,Ca,Cap,Caa,Ca|Cap|Caa,97,398.6028986,259.4625688,15.24209138,1.0
LIN_0024,Cp,Cpa,Cpp,Cp|Cpa|Cpp,97,467.7115583,263.5736586,15.45729871,1.0
LIN_0025,D,Dp,Da,D|Dp|Da,115,502.8339736,248.3478593,15.54572799,1.0
LIN_0026,Ea,Eal,Ear,Ea|Eal|Ear,110,403.6561411,249.6521681,15.27480772,1.0
LIN_0027,Ep,Epr,Epl,Ep|Epr|Epl,115,445.7888372,247.343619,15.22588,1.0
LIN_0028,MSa,MSap,MSaa,MSa|MSap|MSaa,85,301.2879952,237.4424445,14.99291964,1.0
LIN_0029,MSp,MSpa,MSpp,MSp|MSpa|MSpp,85,363.4289513,246.2136059,14.60027755,1.0
LIN_0030,P4,Z2,Z3,P4|Z2|Z3,140,458.5687176,237.6282943,15.21732717,1.0
LIN_0031,ABalaa,ABalaaa,ABalaap,ABalaa|ABalaaa|ABalaap,94,204.5349468,255.8945048,15.08994478,1.0
LIN_0032,ABalap,ABalapa,ABalapp,ABalap|ABalapa|ABalapp,92,229.9191833,266.7367609,15.54799669,1.0
LIN_0033,ABalpa,ABalpaa,ABalpap,ABalpa|ABalpaa|ABalpap,105,219.0657373,239.1526388,15.58360274,1.0
LIN_0034,ABalpp,ABalppa,ABalppp,ABalpp|ABalppa|ABalppp,105,271.5603695,235.9853221,16.02553986,1.0
LIN_0035,ABaraa,ABaraap,ABaraaa,ABaraa|ABaraap|ABaraaa,105,264.2091216,259.8777173,14.78627389,1.0
LIN_0036,ABarap,ABarapa,ABarapp,ABarap|ABarapa|ABarapp,105,320.7283878,266.8614434,14.74722891,1.0
LIN_0037,ABarpa,ABarpaa,ABarpap,ABarpa|ABarpaa|ABarpap,105,296.4612039,277.8054761,15.39123255,1.0
LIN_0038,ABarpp,ABarppp,ABarppa,ABarpp|ABarppp|ABarppa,105,369.4115119,277.7353168,15.47830265,1.0
LIN_0039,ABplaa,ABplaap,ABplaaa,ABplaa|ABplaap|ABplaaa,105,258.0793384,258.2536251,15.91346245,1.0
LIN_0040,ABplap,ABplapa,ABplapp,ABplap|ABplapa|ABplapp,105,326.0579009,257.8614665,15.53303041,1.0
LIN_0041,ABplpa,ABplpaa,ABplpap,ABplpa|ABplpaa|ABplpap,105,335.8011011,232.2377926,15.91399846,1.0
LIN_0042,ABplpp,ABplppp,ABplppa,ABplpp|ABplppp|ABplppa,105,394.9387675,237.8356057,15.97618174,1.0
LIN_0043,ABpraa,ABpraaa,ABpraap,ABpraa|ABpraaa|ABpraap,105,373.3489071,277.6527735,14.93108575,1.0
LIN_0044,ABprap,ABprapp,ABprapa,ABprap|ABprapp|ABprapa,105,435.6021339,276.1747474,15.14102977,1.0
LIN_0045,ABprpa,ABprpaa,ABprpap,ABprpa|ABprpaa|ABprpap,105,423.971967,261.4306501,14.80598722,1.0
LIN_0046,ABprpp,ABprppa,ABprppp,ABprpp|ABprppa|ABprppp,105,482.9915544,260.7433146,15.08752792,1.0
LIN_0047,Caa,Caap,Caaa,Caa|Caap|Caaa,133,379.5021827,264.3335192,15.34001519,1.0
LIN_0048,Cap,Capa,Capp,Cap|Capa|Capp,133,435.6006472,253.2647996,15.56125457,1.0
LIN_0049,Cpa,Cpap,Cpaa,Cpa|Cpap|Cpaa,133,462.2538929,268.6330277,15.6687292,1.0
LIN_0050,Cpp,Cppa,Cppp,Cpp|Cppa|Cppp,133,504.2286469,253.8497176,15.72828957,1.0
LIN_0051,Da,Daa,Dap,Da|Daa|Dap,165,463.0025932,236.206777,15.57062952,1.0
LIN_0052,Dp,Dpp,Dpa,Dp|Dpp|Dpa,165,482.323181,243.1799553,14.8597933,1.0
LIN_0053,Eal,Eala,Ealp,Eal|Eala|Ealp,165,371.7831745,242.2771758,15.07778374,1.0
LIN_0054,Ear,Eara,Earp,Ear|Eara|Earp,165,369.1362152,257.1023657,14.5560316,1.0
LIN_0055,Epl,Eplp,Epla,Epl|Eplp|Epla,170,416.9927421,245.7332713,15.04448889,1.0
LIN_0056,Epr,Epra,Eprp,Epr|Epra|Eprp,170,448.9758525,256.8699495,14.81277038,1.0
LIN_0057,MSaa,MSaaa,MSaap,MSaa|MSaaa|MSaap,115,272.7210684,237.327595,14.97960123,1.0
LIN_0058,MSap,MSapa,MSapp,MSap|MSapa|MSapp,120,329.1522222,234.5296801,14.86873362,1.0
LIN_0059,MSpa,MSpap,MSpaa,MSpa|MSpap|MSpaa,120,324.281299,244.4855799,14.6504326,1.0
LIN_0060,MSpp,MSppa,MSppp,MSpp|MSppa|MSppp,122,390.809417,248.4925599,14.62691858,1.0
LIN_0061,ABalaaa,ABalaaaa,ABalaaap,ABalaaa|ABalaaaa|ABalaaap,122,197.0315137,257.0653605,14.99638214,1.0
LIN_0062,ABalaap,ABalaapa,ABalaapp,ABalaap|ABalaapa|ABalaapp,123,227.3749115,248.2103345,14.90215547,1.0
LIN_0063,ABalapa,ABalapaa,ABalapap,ABalapa|ABalapaa|ABalapap,120,218.013404,265.9387344,15.45614872,1.0
LIN_0064,ABalapp,ABalappp,ABalappa,ABalapp|ABalappp|ABalappa,121,257.6543689,257.9911981,15.12492265,1.0
LIN_0065,ABalpaa,ABalpaap,ABalpaaa,ABalpaa|ABalpaap|ABalpaaa,135,206.2655229,243.1368085,15.54148796,1.0
LIN_0066,ABalpaa,ABalpaap,ABalpaaa,ABalpaa|ABalpaap|ABalpaaa,135,210.375,253.0054348,15.6509058,1.0
LIN_0067,ABalpap,ABalpapp,ABalpapa,ABalpap|ABalpapp|ABalpapa,135,243.4659609,232.3277582,15.38144683,1.0
LIN_0068,ABalppa,ABalppap,ABalppaa,ABalppa|ABalppap|ABalppaa,140,252.1796379,236.3270006,16.04450812,1.0
LIN_0069,ABalppp,ABalpppp,ABalpppa,ABalppp|ABalpppp|ABalpppa,135,297.908291,231.8768665,15.59217269,1.0
LIN_0070,ABaraaa,ABaraaaa,ABaraaap,ABaraaa|ABaraaaa|ABaraaap,135,238.6888564,264.2361982,14.7958557,1.0
LIN_0071,ABaraap,ABaraapa,ABaraapp,ABaraap|ABaraapa|ABaraapp,135,280.3439272,254.9510055,14.70914243,1.0
LIN_0072,ABarapa,ABarapaa,ABarapap,ABarapa|ABarapaa|ABarapap,135,291.4656386,271.4315708,14.59540302,1.0
LIN_0073,ABarapp,ABarappp,ABarappa,ABarapp|ABarappp|ABarappa,135,341.8908432,263.1233876,14.53721086,1.0
LIN_0074,ABarpaa,ABarpaap,ABarpaaa,ABarpaa|ABarpaap|ABarpaaa,135,267.4234513,276.6945018,15.3578874,1.0
LIN_0075,ABarpap,ABarpapp,ABarpapa,ABarpap|ABarpapp|ABarpapa,135,309.9252428,268.3152525,14.86906399,1.0
LIN_0076,ABarppa,ABarppap,ABarppaa,ABarppa|ABarppap|ABarppaa,135,325.6321453,278.2309833,15.59762392,1.0
LIN_0077,ABarppp,ABarpppp,ABarpppa,ABarppp|ABarpppp|ABarpppa,135,377.1299503,276.469538,15.29821202,1.0
LIN_0078,ABplaaa,ABplaaaa,ABplaaap,ABplaaa|ABplaaaa|ABplaaap,135,242.5593308,261.863769,15.97431541,1.0
LIN_0079,ABplaap,ABplaapp,ABplaapa,ABplaap|ABplaapp|ABplaapa,135,275.8672151,249.1491022,15.5849351,1.0
LIN_0080,ABplapa,ABplapaa,ABplapap,ABplapa|ABplapaa|ABplapap,135,301.5548423,263.7251875,15.47604456,1.0
LIN_0081,ABplapp,ABplappa,ABplappp,ABplapp|ABplappa|ABplappp,135,338.5804747,249.6586411,15.42439953,1.0
LIN_0082,ABplpaa,ABplpaaa,ABplpaap,ABplpaa|ABplpaaa|ABplpaap,135,322.1385309,232.522524,16.0125239,1.0
LIN_0083,ABplpap,ABplpapa,ABplpapp,ABplpap|ABplpapa|ABplpapp,135,371.7556098,227.9442548,15.63065621,1.0
LIN_0084,ABplppa,ABplppaa,ABplppap,ABplppa|ABplppaa|ABplppap,140,377.2385274,239.3303457,15.88335523,1.0
LIN_0085,ABplppp,ABplpppa,ABplpppp,ABplppp|ABplpppa|ABplpppp,140,421.9675176,233.5335467,15.82439499,1.0
LIN_0086,ABpraaa,ABpraaap,ABpraaaa,ABpraaa|ABpraaap|ABpraaaa,135,334.0521015,281.7111584,14.92925856,1.0
LIN_0087,ABpraap,ABpraapa,ABpraapp,ABpraap|ABpraapa|ABpraapp,135,381.2574614,275.5720264,14.84231975,1.0
LIN_0088,ABprapa,ABprapaa,ABprapap,ABprapa|ABprapaa|ABprapap,135,410.7107756,279.5712751,15.21380452,1.0
LIN_0089,ABprapp,ABprappa,ABprappp,ABprapp|ABprappa|ABprappp,135,459.6128062,273.7570302,15.13553026,1.0
LIN_0090,ABprpaa,ABprpaaa,ABprpaap,ABprpaa|ABprpaaa|ABprpaap,135,422.8970806,273.4220232,14.67746395,1.0
LIN_0091,ABprpap,ABprpapa,ABprpapp,ABprpap|ABprpapa|ABprpapp,135,457.251957,262.3020414,14.77928506,1.0
LIN_0092,ABprppa,ABprppaa,ABprppap,ABprppa|ABprppaa|ABprppap,140,488.7970901,271.8132003,14.91786912,1.0
LIN_0093,ABprppp,ABprpppp,ABprpppa,ABprppp|ABprpppp|ABprpppa,140,499.9163791,258.7957528,15.04657137,1.0
LIN_0094,Caaa,Caaap,Caaaa,Caaa|Caaap|Caaaa,165,384.2048717,260.3205223,15.35676517,1.0
LIN_0095,Caap,Caapp,Caapa,Caap|Caapp|Caapa,180,444.1258349,250.9021264,15.68253361,1.0
LIN_0096,Capa,Capaa,Capap,Capa|Capaa|Capap,185,439.2218713,244.3084387,15.53393672,1.0
LIN_0097,Capp,Cappa,Cappp,Capp|Cappa|Cappp,185,470.3793085,245.6898355,15.75751714,1.0
LIN_0098,Cpaa,Cpaap,Cpaaa,Cpaa|Cpaap|Cpaaa,170,457.101685,270.3026369,15.54642785,1.0
LIN_0099,Cpap,Cpapp,Cpapa,Cpap|Cpapp|Cpapa,175,484.7727468,256.1838534,15.72318073,1.0
LIN_0100,Cppa,Cppap,Cppaa,Cppa|Cppap|Cppaa,185,510.4786422,256.389901,15.185986,1.0
LIN_0101,Cppp,Cpppa,Cpppp,Cppp|Cpppa|Cpppp,185,496.3944013,246.0713246,15.51964029,1.0
LIN_0102,Daa,Daap,Daaa,Daa|Daap|Daaa,210,420.9223139,241.0410657,14.81265182,1.0
LIN_0103,Dap,Dapa,Dapp,Dap|Dapa|Dapp,200,450.4642904,240.7831752,14.8623927,1.0
LIN_0104,Dpa,Dpap,Dpaa,Dpa|Dpap|Dpaa,210,439.9610893,254.79203,14.74423211,1.0
LIN_0105,Dpp,Dppp,Dppa,Dpp|Dppp|Dppa,200,465.4561722,253.4554039,14.77279259,1.0
LIN_0106,Eala,int3V,Ealaa,Eala|int3V|Ealaa,230,328.39616,248.2203088,14.87451161,1.0
LIN_0107,Ealp,int5L,int2V,Ealp|int5L|int2V,230,363.7773217,245.4671312,14.77614013,1.0
LIN_0108,Eara,Earaa,int3D,Eara|Earaa|int3D,230,336.1564059,260.982254,14.76896916,1.0
LIN_0109,Earp,int2D,int5R,Earp|int2D|int5R,230,374.1622434,261.8089286,14.60407859,1.0
LIN_0110,Epla,int6L,int4V,Epla|int6L|int4V,235,410.3360136,250.5968302,14.93266498,1.0
LIN_0111,Eplp,Eplpp,int7L,Eplp|Eplpp|int7L,245,450.0145768,249.4783811,14.99260476,1.0
LIN_0112,Epra,int6R,int4D,Epra|int6R|int4D,235,417.7102514,261.999011,14.82280235,1.0
LIN_0113,Eprp,Eprpp,int7R,Eprp|Eprpp|int7R,245,458.2698897,259.6253187,15.01597956,1.0
LIN_0114,MSaaa,MSaaap,MSaaaa,MSaaa|MSaaap|MSaaaa,145,259.5248967,241.6598735,14.92934754,1.0
LIN_0115,MSaap,MSaapa,MSaapp,MSaap|MSaapa|MSaapp,145,312.1924972,236.8483146,14.62221377,1.0
LIN_0116,MSapa,MSapap,MSapaa,MSapa|MSapap|MSapaa,150,323.4585615,230.1302348,14.91957739,1.0
LIN_0117,MSapp,MSappa,MSappp,MSapp|MSappa|MSappp,150,365.73525,229.8028175,15.06906042,1.0
LIN_0118,MSpaa,MSpaaa,MSpaap,MSpaa|MSpaaa|MSpaap,150,320.3938388,249.5255739,14.51641979,1.0
LIN_0119,MSpap,MSpapp,MSpapa,MSpap|MSpapp|MSpapa,150,371.5199311,239.5351075,14.56264573,1.0
LIN_0120,MSppa,MSppap,MSppaa,MSppa|MSppap|MSppaa,155,396.0524845,255.7733215,14.54880726,1.0
LIN_0121,MSppp,MSpppp,MSpppa,MSppp|MSpppp|MSpppa,155,430.4009325,245.639545,14.71864641,1.0
LIN_0122,ABalaaaa,ABalaaaar,ABalaaaal,ABalaaaa|ABalaaaar|ABalaaaal,175,0.0,0.0,0.0,1.0
LIN_0123,ABalaaap,ABalaaapp,ABalaaapa,ABalaaap|ABalaaapp|ABalaaapa,170,0.0,0.0,0.0,1.0
LIN_0124,ABalaapa,ABalaapaa,ABalaapap,ABalaapa|ABalaapaa|ABalaapap,175,232.0078428,260.4625051,14.78662316,1.0
LIN_0125,ABalaapp,ABalaappa,ABalaappp,ABalaapp|ABalaappa|ABalaappp,170,270.5096782,261.5629597,14.79945077,1.0
LIN_0126,ABalapaa,ABalapaaa,ABalapaap,ABalapaa|ABalapaaa|ABalapaap,170,216.6417442,260.9151408,15.3957174,1.0
LIN_0127,ABalapap,ABalapapp,ABalapapa,ABalapap|ABalapapp|ABalapapa,160,246.7830367,265.7180243,15.55528159,1.0
LIN_0128,ABalappa,ABalappaa,ABalappap,ABalappa|ABalappaa|ABalappap,170,252.769304,263.4639287,15.16896115,1.0
LIN_0129,ABalappp,ABalapppa,ABalapppp,ABalappp|ABalapppa|ABalapppp,160,295.1480545,261.1899236,15.07488185,1.0
LIN_0130,ABalpaaa,ABalpaaaa,ABalpaaap,ABalpaaa|ABalpaaaa|ABalpaaap,175,198.2988862,248.6841005,14.88872766,1.0
LIN_0131,ABalpaap,ABalpaapp,ABalpaapa,ABalpaap|ABalpaapp|ABalpaapa,165,216.6056915,243.8969633,15.32984336,1.0
LIN_0132,ABalpapa,ABalpapaa,ABalpapap,ABalpapa|ABalpapaa|ABalpapap,165,217.252657,237.4380341,15.14316015,1.0
LIN_0133,ABalpapp,ABalpappa,ABalpappp,ABalpapp|ABalpappa|ABalpappp,165,260.8288054,233.1001325,15.12090811,1.0
LIN_0134,ABalppaa,ABalppaap,ABalppaaa,ABalppaa|ABalppaap|ABalppaaa,163,218.3754603,236.9113593,15.66475398,1.0
LIN_0135,ABalppap,ABalppapp,ABalppapa,ABalppap|ABalppapp|ABalppapa,153,250.5623034,234.3937964,15.66736719,1.0
LIN_0136,ABalpppa,ABalpppap,ABalpppaa,ABalpppa|ABalpppap|ABalpppaa,165,264.4252733,240.2717944,15.46651649,1.0
LIN_0137,ABalpppp,ABalppppa,ABalppppp,ABalpppp|ABalppppa|ABalppppp,148,303.8627773,237.6834842,15.22104219,1.0
LIN_0138,ABaraaaa,ABaraaaap,ABaraaaaa,ABaraaaa|ABaraaaap|ABaraaaaa,180,220.0746359,260.6076648,14.71121213,1.0
LIN_0139,ABaraaap,ABaraaapa,ABaraaapp,ABaraaap|ABaraaapa|ABaraaapp,175,254.685285,266.7712898,14.77358912,1.0
LIN_0140,ABaraapa,ABaraapaa,ABaraapap,ABaraapa|ABaraapaa|ABaraapap,175,251.4049227,256.4755875,14.75823704,1.0
LIN_0141,ABaraapp,ABaraappp,ABaraappa,ABaraapp|ABaraappp|ABaraappa,175,295.8332103,254.3032855,14.68310169,1.0
LIN_0142,ABarapaa,ABarapaaa,ABarapaap,ABarapaa|ABarapaaa|ABarapaap,180,275.5930917,269.8340464,14.64328713,1.0
LIN_0143,ABarapap,ABarapapp,ABarapapa,ABarapap|ABarapapp|ABarapapa,175,314.5660799,267.9069376,14.63340904,1.0
LIN_0144,ABarappa,ABarappaa,ABarappap,ABarappa|ABarappaa|ABarappap,175,332.5922734,270.0779785,14.61040354,1.0
LIN_0145,ABarappp,ABarapppa,ABarapppp,ABarappp|ABarapppa|ABarapppp,175,363.0155834,267.7331359,14.51092848,1.0
LIN_0146,ABarpaaa,ABarpaaap,ABarpaaaa,ABarpaaa|ABarpaaap|ABarpaaaa,180,251.4283959,273.9600642,15.16967981,1.0
LIN_0147,ABarpaap,ABarpaapp,ABarpaapa,ABarpaap|ABarpaapp|ABarpaapa,170,289.5477938,275.3004016,15.3313288,1.0
LIN_0148,ABarpapa,ABarpapap,ABarpapaa,ABarpapa|ABarpapap|ABarpapaa,175,291.419432,272.2228112,15.02101255,1.0
LIN_0149,ABarpapp,ABarpappa,ABarpappp,ABarpapp|ABarpappa|ABarpappp,175,335.0705541,271.6721457,15.05003199,1.0
LIN_0150,ABarppaa,ABarppaap,ABarppaaa,ABarppaa|ABarppaap|ABarppaaa,187,322.8081369,271.8259648,15.51651126,1.0
LIN_0151,ABarppap,ABarppapp,ABarppapa,ABarppap|ABarppapp|ABarppapa,180,361.2234758,264.9716453,15.3598269,1.0
LIN_0152,ABarpppa,ABarpppaa,ABarpppap,ABarpppa|ABarpppaa|ABarpppap,187,371.6029381,273.3332337,15.25014813,1.0
LIN_0153,ABarpppp,ABarppppp,ABarppppa,ABarpppp|ABarppppp|ABarppppa,180,415.4451006,269.2422585,15.24295116,1.0
LIN_0154,ABplaaaa,ABplaaaaa,ABplaaaap,ABplaaaa|ABplaaaaa|ABplaaaap,170,222.8310957,256.2313337,15.83384069,1.0
LIN_0155,ABplaaap,ABplaaapa,ABplaaapp,ABplaaap|ABplaaapa|ABplaaapp,170,265.7132321,259.14305,15.76765558,1.0
LIN_0156,ABplaapa,ABplaapaa,ABplaapap,ABplaapa|ABplaapaa|ABplaapap,170,250.2704608,245.1430363,15.91986544,1.0
LIN_0157,ABplaapp,ABplaappa,ABplaappp,ABplaapp|ABplaappa|ABplaappp,170,297.1549169,244.1556152,15.54325771,1.0
LIN_0158,ABplapaa,ABplapaaa,ABplapaap,ABplapaa|ABplapaaa|ABplapaap,175,297.2075552,258.1702705,15.61370348,1.0
LIN_0159,ABplapap,ABplapapa,ABplapapp,ABplapap|ABplapapa|ABplapapp,170,337.2382632,256.0557696,15.43101081,1.0
LIN_0160,ABplappa,ABplappaa,ABplappap,ABplappa|ABplappaa|ABplappap,170,341.7497561,243.3564874,15.49504072,1.0
LIN_0161,ABplappp,ABplapppp,ABplapppa,ABplappp|ABplapppp|ABplapppa,175,389.4516324,240.5237428,15.70356444,1.0
LIN_0162,ABplpaaa,ABplpaaap,ABplpaaaa,ABplpaaa|ABplpaaap|ABplpaaaa,180,268.0258883,229.6032356,15.85382651,1.0
LIN_0163,ABplpaap,ABplpaapa,ABplpaapp,ABplpaap|ABplpaapa|ABplpaapp,175,303.7640946,230.0749155,15.90275493,1.0
LIN_0164,ABplpapa,ABplpapap,ABplpapaa,ABplpapa|ABplpapap|ABplpapaa,170,313.8273015,225.9452955,15.58783495,1.0
LIN_0165,ABplpapp,ABplpappp,ABplpappa,ABplpapp|ABplpappp|ABplpappa,170,358.3766306,226.0183308,15.4317665,1.0
LIN_0166,ABplppaa,ABplppaap,ABplppaaa,ABplppaa|ABplppaap|ABplppaaa,175,334.9985999,231.2939905,15.77764069,1.0
LIN_0167,ABplppap,ABplppapa,ABplppapp,ABplppap|ABplppapa|ABplppapp,175,371.9210455,232.6627615,15.64902578,1.0
LIN_0168,ABplpppa,ABplpppaa,ABplpppap,ABplpppa|ABplpppaa|ABplpppap,170,391.4513957,228.4018054,15.55431285,1.0
LIN_0169,ABplpppp,ABplppppp,ABplppppa,ABplpppp|ABplppppp|ABplppppa,170,423.4080822,230.3263812,15.815062,1.0
LIN_0170,ABpraaaa,ABpraaaap,ABpraaaaa,ABpraaaa|ABpraaaap|ABpraaaaa,170,302.332077,279.5323647,14.87795479,1.0
LIN_0171,ABpraaap,ABpraaapp,ABpraaapa,ABpraaap|ABpraaapp|ABpraaapa,165,336.8476805,282.1340313,15.0163246,1.0
LIN_0172,ABpraapa,ABpraapaa,ABpraapap,ABpraapa|ABpraapaa|ABpraapap,170,361.5723654,283.0773408,14.86623118,1.0
LIN_0173,ABpraapp,ABpraappa,ABpraappp,ABpraapp|ABpraappa|ABpraappp,170,400.0401207,279.5746374,14.90084633,1.0
LIN_0174,ABprapaa,ABprapaap,ABprapaaa,ABprapaa|ABprapaap|ABprapaaa,175,393.5024834,281.7884006,15.36924604,1.0
LIN_0175,ABprapap,ABprapapp,ABprapapa,ABprapap|ABprapapp|ABprapapa,170,437.4975271,281.3587856,15.34579705,1.0
LIN_0176,ABprappa,ABprappap,ABprappaa,ABprappa|ABprappap|ABprappaa,170,458.9955095,276.3837667,14.9897027,1.0
LIN_0177,ABprappp,ABprapppp,ABprapppa,ABprappp|ABprapppp|ABprapppa,175,487.7503852,268.1788107,15.20960044,1.0
LIN_0178,ABprpaaa,ABprpaaap,ABprpaaaa,ABprpaaa|ABprpaaap|ABprpaaaa,180,371.8862711,277.5726577,14.67763996,1.0
LIN_0179,ABprpaap,ABprpaapa,ABprpaapp,ABprpaap|ABprpaapa|ABprpaapp,175,409.0264757,277.7142667,14.71010986,1.0
LIN_0180,ABprpapa,ABprpapaa,ABprpapap,ABprpapa|ABprpapaa|ABprpapap,165,413.1438772,270.6407252,14.65319818,1.0
LIN_0181,ABprpapp,ABprpappa,ABprpappp,ABprpapp|ABprpappa|ABprpappp,165,448.7854097,263.7149043,14.72059524,1.0
LIN_0182,ABprppaa,ABprppaaa,ABprppaap,ABprppaa|ABprppaaa|ABprppaap,175,438.6560775,276.9960084,14.81984252,1.0
LIN_0183,ABprppap,ABprppapp,ABprppapa,ABprppap|ABprppapp|ABprppapa,175,467.4324716,271.3501441,14.83007246,1.0
LIN_0184,ABprpppa,ABprpppaa,ABprpppap,ABprpppa|ABprpppaa|ABprpppap,170,491.7578567,267.8921515,14.86524925,1.0
LIN_0185,ABprpppp,ABprppppa,ABprppppp,ABprpppp|ABprppppa|ABprppppp,170,491.8935833,257.4102641,14.99672358,1.0
LIN_0186,Caaaa,hyp7,hyp7,Caaaa|hyp7|hyp7,220,443.0997174,252.4262837,15.55064714,1.0
LIN_0187,Caaap,hyp7,hyp7,Caaap|hyp7|hyp7,222,485.4384816,248.4232966,15.6102085,1.0
LIN_0188,Caapa,DVC,Caapap,Caapa|DVC|Caapap,330,511.0200265,249.7299448,15.31788427,1.0
LIN_0189,Caapp,hyp7,PVR,Caapp|hyp7|PVR,235,508.5569251,246.2262097,15.16942035,1.0
LIN_0190,Capaa,Capaap,Capaaa,Capaa|Capaap|Capaaa,250,431.6417904,245.2947179,14.76727542,1.0
LIN_0191,Capap,Capapp,Capapa,Capap|Capapp|Capapa,250,458.403597,248.7776302,14.71539502,1.0
LIN_0192,Cappa,Cappaa,Cappap,Cappa|Cappaa|Cappap,240,471.1312439,241.8961321,15.11417957,1.0
LIN_0193,Cappp,Capppa,Capppp,Cappp|Capppa|Capppp,240,485.9527444,246.8220969,14.96876789,1.0
LIN_0194,Cpaaa,hyp7,hyp7,Cpaaa|hyp7|hyp7,222,444.466505,265.804578,15.47470475,1.0
LIN_0195,Cpaap,hyp7,hyp7,Cpaap|hyp7|hyp7,220,490.1382874,262.9152498,15.45060407,1.0
LIN_0196,Cpapa,hyp7,hyp7,Cpapa|hyp7|hyp7,230,515.2941892,259.3526322,15.18136997,1.0
LIN_0197,Cpapp,hyp7,hyp11,Cpapp|hyp7|hyp11,235,517.7547972,252.4220096,15.10576823,1.0
LIN_0198,Cppaa,Cppaaa,Cppaap,Cppaa|Cppaaa|Cppaap,250,448.6339739,259.349839,14.61753631,1.0
LIN_0199,Cppap,Cppapa,Cppapp,Cppap|Cppapa|Cppapp,250,466.5476277,254.609153,14.72715692,1.0
LIN_0200,Cpppa,Cpppaa,Cpppap,Cpppa|Cpppaa|Cpppap,240,485.7550787,258.8352979,14.91365872,1.0
LIN_0201,Cpppp,Cppppp,Cppppa,Cpppp|Cppppp|Cppppa,240,490.9676692,254.6327006,14.94052622,1.0
LIN_0202,Daaa,mu bod,mu bod,Daaa|mu bod|mu bod,275,378.9593474,233.6122845,15.06656149,1.0
LIN_0203,Daap,mu bod,mu bod,Daap|mu bod|mu bod,278,401.1032943,235.7406623,14.67618144,1.0
LIN_0204,Dapa,mu bod,mu bod,Dapa|mu bod|mu bod,270,396.8483234,231.7401537,14.95318496,1.0
LIN_0205,Dapp,Dappp,Dappa,Dapp|Dappp|Dappa,265,426.7361129,236.9236762,14.82985116,1.0
LIN_0206,Dpaa,mu bod,mu bod,Dpaa|mu bod|mu bod,275,385.3945606,270.7817293,14.96458625,1.0
LIN_0207,Dpap,mu bod,mu bod,Dpap|mu bod|mu bod,277,404.7112368,264.2436519,14.74577723,1.0
LIN_0208,Dppa,mu bod,mu bod,Dppa|mu bod|mu bod,270,401.4305378,277.1328603,15.004295,1.0
LIN_0209,Dppp,Dpppp,Dpppa,Dppp|Dpppp|Dpppa,265,431.0704413,269.5305177,14.97491515,1.0
LIN_0210,Ealaa,int1DL,int1VL,Ealaa|int1DL|int1VL,360,317.0629542,249.1490537,15.01746751,1.0
LIN_0211,Earaa,int1DR,int1VR,Earaa|int1DR|int1VR,360,322.9341673,261.8603508,14.86689327,1.0
LIN_0212,Eplpp,int8L,int9L,Eplpp|int8L|int9L,375,477.4897414,250.7863693,15.04524707,1.0
LIN_0213,MSaaaa,MSaaaap,MSaaaaa,MSaaaa|MSaaaap|MSaaaaa,180,239.7663674,248.033085,14.89809271,1.0
LIN_0214,MSaaap,MSaaapa,MSaaapp,MSaaap|MSaaapa|MSaaapp,188,285.8585866,246.7608979,14.55882043,1.0
LIN_0215,MSaapa,MSaapaa,MSaapap,MSaapa|MSaapaa|MSaapap,180,309.8064931,239.430847,14.53090083,1.0
LIN_0216,MSaapp,MSaappa,MSaappp,MSaapp|MSaappa|MSaappp,194,358.4638942,238.2552883,14.52473266,1.0
LIN_0217,MSapaa,MSapaaa,MSapaap,MSapaa|MSapaaa|MSapaap,188,291.7738484,238.4952619,15.03987952,1.0
LIN_0218,MSapap,MSapapa,MSapapp,MSapap|MSapapa|MSapapp,188,320.9070892,236.1746556,14.90680543,1.0
LIN_0219,MSappa,MSappaa,MSappap,MSappa|MSappaa|MSappap,194,352.2790228,237.503915,14.74392639,1.0
LIN_0220,MSappp,MSapppa,MSapppp,MSappp|MSapppa|MSapppp,194,381.8782601,235.5156911,14.95978692,1.0
LIN_0221,MSpaaa,MSpaaaa,MSpaaap,MSpaaa|MSpaaaa|MSpaaap,185,291.1192282,257.1864421,14.58870242,1.0
LIN_0222,MSpaap,MSpaapp,MSpaapa,MSpaap|MSpaapp|MSpaapa,190,331.8053217,252.7093203,14.44994526,1.0
LIN_0223,MSpapa,MSpapap,MSpapaa,MSpapa|MSpapap|MSpapaa,185,355.3575334,247.5496947,14.43180635,1.0
LIN_0224,MSpapp,MSpappp,MSpappa,MSpapp|MSpappp|MSpappa,195,402.3732035,245.1062161,14.53383656,1.0
LIN_0225,MSppaa,MSppaaa,MSppaap,MSppaa|MSppaaa|MSppaap,190,334.8434979,262.8764708,14.57655841,1.0
LIN_0226,MSppap,MSppapa,MSppapp,MSppap|MSppapa|MSppapp,190,374.3145739,262.0592886,14.51867196,1.0
LIN_0227,MSpppa,MSpppap,MSpppaa,MSpppa|MSpppap|MSpppaa,195,387.8519285,256.4474587,14.48282571,1.0
LIN_0228,MSpppp,MSppppa,MSppppp,MSpppp|MSppppa|MSppppp,195,414.6258203,256.9632383,14.65372928,1.0
LIN_0229,ABalaapaa,ABalaapaap,ABalaapaaa,ABalaapaa|ABalaapaap|ABalaapaaa,240,203.2472842,262.8950245,14.79661781,1.0
LIN_0230,ABalaapap,ABalaapapp,ABalaapapa,ABalaapap|ABalaapapp|ABalaapapa,240,227.5126367,268.3756995,14.76465752,1.0
LIN_0231,ABalaappa,ABalaappaa,ABalaappap,ABalaappa|ABalaappaa|ABalaappap,240,223.3653471,269.3376868,15.1536515,1.0
LIN_0232,ABalaappp,ABalaapppp,ABalaapppa,ABalaappp|ABalaapppp|ABalaapppa,220,246.5837607,270.8104216,15.26798989,1.0
LIN_0233,ABalapaaa,ABalapaaaa,ABalapaaap,ABalapaaa|ABalapaaaa|ABalapaaap,215,202.5733013,250.3098059,15.48223028,1.0
LIN_0234,ABalapaap,ABalapaapp,ABalapaapa,ABalapaap|ABalapaapp|ABalapaapa,215,218.4482887,245.3479069,15.50168297,1.0
LIN_0235,ABalapapa,ABalapapaa,ABalapapap,ABalapapa|ABalapapaa|ABalapapap,215,231.3168415,252.6477705,15.68705704,1.0
LIN_0236,ABalapapp,ABalapappp,ABalapappa,ABalapapp|ABalapappp|ABalapappa,210,266.4525521,250.358339,15.44950959,1.0
LIN_0237,ABalappaa,ABalappaaa,ABalappaap,ABalappaa|ABalappaaa|ABalappaap,240,204.9420123,258.7692869,15.49742025,1.0
LIN_0238,ABalappap,ABalappapp,ABalappapa,ABalappap|ABalappapp|ABalappapa,215,228.366164,263.5831401,15.46353012,1.0
LIN_0239,ABalapppa,ABalapppaa,ABalapppap,ABalapppa|ABalapppaa|ABalapppap,213,256.1701712,265.6557748,15.48369957,1.0
LIN_0240,ABalpappa,ABalpappap,ABalpappaa,ABalpappa|ABalpappap|ABalpappaa,217,261.7485018,241.1823568,14.62024044,1.0
LIN_0241,ABalpappp,ABalpapppa,ABalpapppp,ABalpappp|ABalpapppa|ABalpapppp,215,294.0069703,241.9152081,14.44660857,1.0
LIN_0242,ABalppaaa,ABalppaaap,ABalppaaaa,ABalppaaa|ABalppaaap|ABalppaaaa,237,216.950005,236.8682618,15.25964386,1.0
LIN_0243,ABalppaap,ABalppaapa,ABalppaapp,ABalppaap|ABalppaapa|ABalppaapp,230,236.4428431,232.027459,15.19631279,1.0
LIN_0244,ABalppapa,ABalppapap,ABalppapaa,ABalppapa|ABalppapap|ABalppapaa,220,254.5924837,233.8286718,14.92245102,1.0
LIN_0245,ABalpppap,ABalpppapa,ABalpppapp,ABalpppap|ABalpppapa|ABalpppapp,225,262.685529,234.4712775,15.36754346,1.0
LIN_0246,ABaraaaap,ABaraaaapa,ABaraaaapp,ABaraaaap|ABaraaaapa|ABaraaaapp,250,224.5005156,257.196488,14.91723996,1.0
LIN_0247,ABarapapa,ABarapapap,ABarapapaa,ABarapapa|ABarapapap|ABarapapaa,215,297.7603647,260.8721267,14.63695654,1.0
LIN_0248,ABarapapp,ABarapappp,ABarapappa,ABarapapp|ABarapappp|ABarapappa,210,327.1134725,258.7916715,14.48922464,1.0
LIN_0249,ABarappaa,ABarappaaa,ABarappaap,ABarappaa|ABarappaaa|ABarappaap,228,295.637735,265.9298162,14.69827809,1.0
LIN_0250,ABarappap,ABarappapp,ABarappapa,ABarappap|ABarappapp|ABarappapa,220,328.3410838,266.2012889,14.54864717,1.0
LIN_0251,ABarapppa,ABarapppap,ABarapppaa,ABarapppa|ABarapppap|ABarapppaa,220,299.7410895,270.7511562,14.72465975,1.0
LIN_0252,ABarapppp,ABarappppp,ABarappppa,ABarapppp|ABarappppp|ABarappppa,218,330.9340136,271.6127943,14.63902409,1.0
LIN_0253,ABarpaaaa,ABarpaaaap,ABarpaaaaa,ABarpaaaa|ABarpaaaap|ABarpaaaaa,240,230.9854344,259.7703629,15.88516009,1.0
LIN_0254,ABarpaaap,ABarpaaapa,ABarpaaapp,ABarpaaap|ABarpaaapa|ABarpaaapp,240,258.3792251,261.6409993,15.8850886,1.0
LIN_0255,ABarpaapa,hyp7,hyp6,ABarpaapa|hyp7|hyp6,225,285.4664337,263.568031,15.51610952,1.0
LIN_0256,ABarpaapp,hyp7,hyp7,ABarpaapp|hyp7|hyp7,215,331.4146965,264.7105233,15.36004579,1.0
LIN_0257,ABarpapaa,ABarpapaaa,ABarpapaap,ABarpapaa|ABarpapaaa|ABarpapaap,235,255.4585618,272.6772112,15.63729573,1.0
LIN_0258,ABarpapap,hyp4,hyp6,ABarpapap|hyp4|hyp6,230,287.4703217,273.2901241,15.52923091,1.0
LIN_0259,ABarpappa,hyp5,XXXR,ABarpappa|hyp5|XXXR,240,308.4653583,277.0823115,15.63934691,1.0
LIN_0260,ABarpappp,H1R,H0R,ABarpappp|H1R|H0R,225,339.3578668,275.9043993,15.40221563,1.0
LIN_0261,ABarppaaa,ADEshL,H2L,ABarppaaa|ADEshL|H2L,235,341.5585724,254.658611,15.61128925,1.0
LIN_0262,ABarppaap,hyp7,ABarppaapp,ABarppaap|hyp7|ABarppaapp,230,376.5314899,252.2288473,15.41277782,1.0
LIN_0263,ABarppapa,V1L,V2L,ABarppapa|V1L|V2L,230,401.0825791,246.2469338,15.44071915,1.0
LIN_0264,ABarppapp,V6L,V4L,ABarppapp|V6L|V4L,230,445.1155319,244.9025483,15.52236128,1.0
LIN_0265,ABarpppaa,ADEshR,H2R,ABarpppaa|ADEshR|H2R,235,359.1439154,271.5220576,15.63986996,1.0
LIN_0266,ABarpppap,hyp7,ABarpppapp,ABarpppap|hyp7|ABarpppapp,230,391.3235897,270.3303663,15.48730851,1.0
LIN_0267,ABarppppa,V1R,V2R,ABarppppa|V1R|V2R,230,416.1873162,273.0072617,15.44336804,1.0
LIN_0268,ABarppppp,V6R,V4R,ABarppppp|V6R|V4R,230,456.311765,270.5480223,15.57977602,1.0
LIN_0269,ABplaaaaa,ABplaaaaaa,ABplaaaaap,ABplaaaaa|ABplaaaaaa|ABplaaaaap,235,231.3299039,247.7630856,15.86905085,1.0
LIN_0270,ABplaaaap,hyp6,hyp6,ABplaaaap|hyp6|hyp6,230,259.910291,250.078412,15.75911666,1.0
LIN_0271,ABplaaapa,XXXL,hyp5,ABplaaapa|XXXL|hyp5,240,284.5702009,248.8360926,15.76392679,1.0
LIN_0272,ABplaaapp,H1L,H0L,ABplaaapp|H1L|H0L,225,317.6957753,247.8713866,15.50349386,1.0
LIN_0273,ABalaaaala,ABalaaaalar,AINL,ABalaaaala|ABalaaaalar|AINL,325,0.0,0.0,0.0,1.0
LIN_0274,ABalaaaalp,ABalaaaalpa,ILshL,ABalaaaalp|ABalaaaalpa|ILshL,317,0.0,0.0,0.0,1.0
LIN_0275,ABalaaaarl,ABalaaaarla,RMEL,ABalaaaarl|ABalaaaarla|RMEL,310,0.0,0.0,0.0,1.0
LIN_0276,ABalaaaarr,RMER,ABalaaaarra,ABalaaaarr|RMER|ABalaaaarra,310,0.0,0.0,0.0,1.0
LIN_0277,ABalaaapal,AVDL,ILsoL,ABalaaapal|AVDL|ILsoL,285,0.0,0.0,0.0,1.0
LIN_0278,ABalaaapar,ILshDL,ABalaaaparl,ABalaaapar|ILshDL|ABalaaaparl,295,0.0,0.0,0.0,1.0
LIN_0279,ABalaaappl,ABalaaapplr,ILshDR,ABalaaappl|ABalaaapplr|ILshDR,295,0.0,0.0,0.0,1.0
LIN_0280,ABalaaappr,ILsoR,AVDR,ABalaaappr|ILsoR|AVDR,285,0.0,0.0,0.0,1.0
LIN_0281,ABalaapaaa,ABalaapaaal,AINR,ABalaapaaa|ABalaapaaal|AINR,325,201.6139022,264.9525506,14.81977187,1.0
LIN_0282,ABalaapaap,ABalaapaapa,ILshR,ABalaapaap|ABalaapaapa|ILshR,317,227.3731129,268.8921606,14.63111003,1.0
LIN_0283,ABalaapapp,ABalaapappa,CEPsoVR,ABalaapapp|ABalaapappa|CEPsoVR,295,249.8714559,274.6596987,14.73154928,1.0
LIN_0284,ABalaappap,OLQsoVR,AVAR,ABalaappap|OLQsoVR|AVAR,295,225.2695963,272.6323597,14.99799177,1.0
LIN_0285,ABalaapppa,RIAR,ABalaapppap,ABalaapppa|RIAR|ABalaapppap,310,211.0432323,272.0702231,15.34383377,1.0
LIN_0286,ABalaapppp,ABalaappppa,IL2R,ABalaapppp|ABalaappppa|IL2R,290,231.1036056,275.0394039,15.46519985,1.0
LIN_0287,ABalapaaaa,AVHL,ABalapaaaap,ABalapaaaa|AVHL|ABalapaaaap,335,188.9576708,247.22387,15.27418265,1.0
LIN_0288,ABalapaaap,CANL,OLLsoL,ABalapaaap|CANL|OLLsoL,290,203.0772302,244.8236519,15.6341269,1.0
LIN_0289,ABalapaapa,RIAL,ABalapaapap,ABalapaapa|RIAL|ABalapaapap,317,203.0554224,239.9080251,15.42731863,1.0
LIN_0290,ABalapaapp,ABalapaappa,IL2L,ABalapaapp|ABalapaappa|IL2L,285,221.0264685,236.9083539,15.46490163,1.0
LIN_0291,ABalapaappa,IL1L,ABalapaappap,ABalapaappa|IL1L|ABalapaappap,397,124.7777778,191.9722222,15.78888889,1.0
LIN_0292,ABalapapap,URYDL,ABalapapapa,ABalapapap|URYDL|ABalapapapa,285,223.3053688,249.1194049,15.76987221,1.0
LIN_0293,ABalapappa,ABalapappaa,IL2DL,ABalapappa|ABalapappaa|IL2DL,280,243.1074538,242.0160682,15.61049043,1.0
LIN_0294,ABalapappaa,IL1DL,ABalapappaap,ABalapappaa|IL1DL|ABalapappaap,390,158.2085369,239.2783326,15.85836566,1.0
LIN_0295,ABalapappp,AVJL,CEPsoDL,ABalapappp|AVJL|CEPsoDL,290,274.2699839,242.3573818,15.60541691,1.0
LIN_0296,ABalappaap,ABalappaapp,RID,ABalappaap|ABalappaapp|RID,340,196.3190119,258.1782474,15.60735169,1.0
LIN_0297,ABalappapa,ABalappapap,AVHR,ABalappapa|ABalappapap|AVHR,325,196.3375029,268.1744398,15.47599257,1.0
LIN_0298,ABalappapp,CANR,OLLsoR,ABalappapp|CANR|OLLsoR,290,212.9576913,272.3608747,15.63108517,1.0
LIN_0299,ABalapppaa,ALA,RMED,ABalapppaa|ALA|RMED,303,213.5307424,264.7664512,15.74956041,1.0
LIN_0300,ABalapppap,URYDR,ABalapppapa,ABalapppap|URYDR|ABalapppapa,285,236.8090727,268.1485681,15.88098187,1.0
LIN_0301,ABalappppa,IL2DR,ABalappppaa,ABalappppa|IL2DR|ABalappppaa,280,256.3685272,272.7973409,15.60157208,1.0
LIN_0302,ABalappppaa,IL1DR,ABalappppaap,ABalappppaa|IL1DR|ABalappppaap,390,152.4097402,268.3349206,15.34593795,1.0
LIN_0303,ABalappppp,CEPsoDR,AVJR,ABalappppp|CEPsoDR|AVJR,290,287.0524126,273.139004,15.60608973,1.0
LIN_0304,ABalpaaaaa,m2VL,e3VL,ABalpaaaaa|m2VL|e3VL,320,212.8527472,245.8930727,14.59358376,1.0
LIN_0305,ABalpaaaap,m1VL,ABalpaaaapp,ABalpaaaap|m1VL|ABalpaaaapp,320,238.7198959,246.4375152,14.55283716,1.0
LIN_0306,ABalpaaapa,m2L,ABalpaaapap,ABalpaaapa|m2L|ABalpaaapap,342,243.9557347,242.4653997,14.61057114,1.0
LIN_0307,ABalpaaapp,MCL,ABalpaaappa,ABalpaaapp|MCL|ABalpaaappa,337,265.482794,242.7429345,14.61010345,1.0
LIN_0308,ABalpaapaa,e2DL,arc post DL,ABalpaapaa|e2DL|arc post DL,300,200.9307069,248.1684192,14.68317312,1.0
LIN_0309,ABalpaapap,mc1DL,m3L,ABalpaapap|mc1DL|m3L,280,225.9461578,242.6079001,14.72249712,1.0
LIN_0310,ABalpaappa,arc post VL,arc ant DL,ABalpaappa|arc post VL|arc ant DL,305,214.9091587,236.1363209,14.66821827,1.0
LIN_0311,ABalpaappp,hyp1DL,hyp2DL,ABalpaappp|hyp1DL|hyp2DL,295,239.923476,234.0404435,14.66292331,1.0
LIN_0312,ABalpapaaa,RIPL,hyp2V,ABalpapaaa|RIPL|hyp2V,285,240.1537569,236.9291573,14.3745709,1.0
LIN_0313,ABalpapaap,ABalpapaapp,arc ant V,ABalpapaap|ABalpapaapp|arc ant V,310,265.1687058,237.3026143,14.28952286,1.0
LIN_0314,ABalpapapa,RMDDL,ABalpapapap,ABalpapapa|RMDDL|ABalpapapap,285,279.0406834,232.2116487,14.4150739,1.0
LIN_0315,ABalpapapap,SMBDL,ABalpapapapa,ABalpapapap|SMBDL|ABalpapapapa,390,279.257716,200.8518519,7.757407407,1.0
LIN_0316,ABalpapapp,SMBVL,ABalpapappa,ABalpapapp|SMBVL|ABalpapappa,305,306.1323315,231.5785932,14.33661187,1.0
LIN_0317,ABalpappaa,ABalpappaap,ABalpappaaa,ABalpappaa|ABalpappaap|ABalpappaaa,295,266.8572495,242.0998912,14.46923502,1.0
LIN_0318,ABalpappaap,ABalpappaapp,I2L,ABalpappaap|ABalpappaapp|I2L,385,233.2055556,245.6092593,10.70444445,1.0
LIN_0319,ABalpappap,mc3V,e2V,ABalpappap|mc3V|e2V,270,292.2712292,240.5230265,14.02851415,1.0
LIN_0320,ABalpapppa,ABalpapppap,I1L,ABalpapppa|ABalpapppap|I1L,318,289.2370435,243.0512549,14.41772311,1.0
LIN_0321,ABalpapppp,mc1V,m3VL,ABalpapppp|mc1V|m3VL,258,320.2683895,241.7601893,14.29521197,1.0
LIN_0322,ABalppaaap,AVAL,OLQsoVL,ABalppaaap|AVAL|OLQsoVL,295,212.3237875,231.6039225,15.06004307,1.0
LIN_0323,ABalppaapp,CEPsoVL,ABalppaappa,ABalppaapp|CEPsoVL|ABalppaappa,305,243.5939562,224.9483348,15.00085446,1.0
LIN_0324,ABalppapaa,RMDVL,ILshVL,ABalppapaa|RMDVL|ILshVL,300,241.0974363,227.886964,14.71171128,1.0
LIN_0325,ABalppapap,SAADL,ILsoVL,ABalppapap|SAADL|ILsoVL,292,265.0221872,228.8378876,14.56755256,1.0
LIN_0326,ABalppappa,BAGL,SMDVL,ABalppappa|BAGL|SMDVL,290,276.2856908,227.0413941,14.48644951,1.0
LIN_0327,ABalppappp,IL2VL,ABalppapppa,ABalppappp|IL2VL|ABalppapppa,285,303.680285,225.3431933,14.60046487,1.0
LIN_0328,ABalppapppa,IL1VL,ABalppapppap,ABalppapppa|IL1VL|ABalppapppap,410,243.4397778,220.2955556,11.4443,1.0
LIN_0329,ABalpppaaa,AVEL,OLQshVL,ABalpppaaa|AVEL|OLQshVL,315,220.9052029,226.905043,15.30700893,1.0
LIN_0330,ABalpppaap,OLLshL,ABalpppaapv,ABalpppaap|OLLshL|ABalpppaapv,320,231.9203246,226.2306738,15.58593104,1.0
LIN_0331,ABalpppapa,RMDL,AFDL,ABalpppapa|RMDL|AFDL,305,244.7220789,223.5517,15.17732461,1.0
LIN_0332,ABalpppapp,ABalpppappa,ABalpppappp,ABalpppapp|ABalpppappa|ABalpppappp,285,263.8802629,223.0403708,15.37460802,1.0
LIN_0333,ABalpppappp,ASKL,ABalpppapppp,ABalpppappp|ASKL|ABalpppapppp,375,196.8008621,134.9952299,17.43405172,1.0
LIN_0334,ABalppppaa,ABalppppaav,ADLL,ABalppppaa|ABalppppaav|ADLL,290,246.5925636,232.6381989,15.29343595,1.0
LIN_0335,ABalppppap,ABalppppapp,ABalppppapa,ABalppppap|ABalppppapp|ABalppppapa,300,266.6621466,231.2042489,15.53625372,1.0
LIN_0336,ABalppppapa,ABalppppapap,OLLL,ABalppppapa|ABalppppapap|OLLL,410,205.5523288,201.1207851,17.60899691,1.0
LIN_0337,ABalpppppa,ADFL,AWBL,ABalpppppa|ADFL|AWBL,280,283.7032852,232.200039,15.18229729,1.0
LIN_0338,ABalpppppp,ABalppppppp,ABalppppppa,ABalpppppp|ABalppppppp|ABalppppppa,255,312.5437453,227.1155629,15.38889913,1.0
LIN_0339,ABalppppppa,ABalppppppap,ASEL,ABalppppppa|ABalppppppap|ASEL,342,270.9822206,220.9595001,15.66831194,1.0
LIN_0340,ABalppppppp,AUAL,ASJL,ABalppppppp|AUAL|ASJL,342,294.8133809,212.2663543,15.90570281,1.0
LIN_0341,ABaraaaaaa,e1VL,m1L,ABaraaaaaa|e1VL|m1L,325,197.4114857,254.0341153,14.76685816,1.0
LIN_0342,ABaraaaaap,e1VR,m1R,ABaraaaaap|e1VR|m1R,330,216.0538033,260.8454247,14.85744037,1.0
LIN_0343,ABaraaaapa,e1D,ABaraaaapaa,ABaraaaapa|e1D|ABaraaaapaa,325,207.3605038,257.635996,14.83144362,1.0
LIN_0344,ABaraaapaa,e2DR,arc post DR,ABaraaapaa|e2DR|arc post DR,295,214.2307467,256.4923609,14.63379051,1.0
LIN_0345,ABaraaapap,mc1DR,m4R,ABaraaapap|mc1DR|m4R,280,241.1137784,257.2859121,14.60842357,1.0
LIN_0346,ABaraaappa,arc post D,arc post VR,ABaraaappa|arc post D|arc post VR,305,234.8780345,263.7465399,14.65087904,1.0
LIN_0347,ABaraaappp,hyp1DR,arc ant DR,ABaraaappp|hyp1DR|arc ant DR,300,257.1605471,266.4827969,14.62506088,1.0
LIN_0348,ABaraapaaa,m1DL,e3D,ABaraapaaa|m1DL|e3D,300,217.3666296,250.2506239,14.70608594,1.0
LIN_0349,ABaraapaap,m2DL,mc2DL,ABaraapaap|m2DL|mc2DL,290,241.0799009,249.6207086,14.72507059,1.0
LIN_0350,ABaraapapa,m5L,ABaraapapaa,ABaraapapa|m5L|ABaraapapaa,280,258.98341,246.3363128,14.62829785,1.0
LIN_0351,ABaraapapaa,NSML,ABaraapapaad,ABaraapapaa|NSML|ABaraapapaad,415,229.1980733,247.5866798,14.59889022,1.0
LIN_0352,ABaraapapp,M2L,M3L,ABaraapapp|M2L|M3L,325,283.1968596,247.9535187,14.63484431,1.0
LIN_0353,ABaraappaa,MI,m1DR,ABaraappaa|MI|m1DR,305,231.9304318,259.1645,14.7731972,1.0
LIN_0354,ABaraappap,mc2DR,m2DR,ABaraappap|mc2DR|m2DR,290,257.7659061,258.2671462,14.69242816,1.0
LIN_0355,ABaraapppa,ABaraapppaa,m5R,ABaraapppa|ABaraapppaa|m5R,280,280.0132789,258.6021796,14.59599124,1.0
LIN_0356,ABaraapppaa,NSMR,ABaraapppaad,ABaraapppaa|NSMR|ABaraapppaad,415,266.228865,276.3400289,14.74761261,1.0
LIN_0357,ABaraapppp,M3R,M2R,ABaraapppp|M3R|M2R,320,306.4971676,259.303001,14.72136272,1.0
LIN_0358,ABarapaaaa,e3VR,m2VR,ABarapaaaa|e3VR|m2VR,318,255.8151487,255.3968112,14.67581452,1.0
LIN_0359,ABarapaaap,m1VR,ABarapaaapp,ABarapaaap|m1VR|ABarapaaapp,320,275.4821419,255.4284458,14.57096545,1.0
LIN_0360,ABarapaapa,m2R,ABarapaapap,ABarapaapa|m2R|ABarapaapap,340,261.1912872,256.8151816,14.54865374,1.0
LIN_0361,ABarapaapp,MCR,m3R,ABarapaapp|MCR|m3R,290,284.8762907,256.487369,14.45906311,1.0
LIN_0362,ABarapapaa,ABarapapaap,ABarapapaaa,ABarapapaa|ABarapapaap|ABarapapaaa,308,289.5874098,258.0181299,14.22876545,1.0
LIN_0363,ABarapapaap,I2R,ABarapapaapp,ABarapapaap|I2R|ABarapapaapp,385,237.3333334,275.25,12.49666667,1.0
LIN_0364,ABarapapap,arc post V,I5,ABarapapap|arc post V|I5,280,314.8780904,255.0642305,14.18539919,1.0
LIN_0365,ABarapappa,ABarapappap,I1R,ABarapappa|ABarapappap|I1R,318,304.5471773,256.2111206,14.48647173,1.0
LIN_0366,ABarapappp,m3VR,mc2V,ABarapappp|m3VR|mc2V,265,334.3402244,255.9416295,14.32912132,1.0
LIN_0367,ABarappaaa,ABarappaaap,RIPR,ABarappaaa|ABarappaaap|RIPR,305,290.5475653,266.2076862,14.53336834,1.0
LIN_0368,ABarappaap,hyp1V,ABarappaapp,ABarappaap|hyp1V|ABarappaapp,315,315.9331185,265.161059,14.42894419,1.0
LIN_0369,ABarappapa,ABarappapap,RMDDR,ABarappapa|ABarappapap|RMDDR,292,319.1717925,271.3362772,14.42925941,1.0
LIN_0370,ABarappapap,SMBDR,ABarappapapa,ABarappapap|SMBDR|ABarappapapa,405,335.8545455,338.5860606,12.54672727,1.0
LIN_0371,ABarappapp,SMBVR,DB2,ABarappapp|SMBVR|DB2,300,348.1992253,269.3022956,14.43810612,1.0
LIN_0372,ABarapppaa,RMDVR,ILshVR,ABarapppaa|RMDVR|ILshVR,295,264.4860311,270.9418977,14.658701,1.0
LIN_0373,ABarapppap,SAADR,ILsoVR,ABarapppap|SAADR|ILsoVR,295,288.2776794,270.6113678,14.62901494,1.0
LIN_0374,ABarappppa,SMDVR,BAGR,ABarappppa|SMDVR|BAGR,295,297.1156321,274.4663535,14.7966663,1.0
LIN_0375,ABarappppp,ABarapppppa,IL2VR,ABarappppp|ABarapppppa|IL2VR,290,322.3696597,277.5172789,14.74901769,1.0
LIN_0376,ABarapppppa,IL1VR,ABarapppppap,ABarapppppa|IL1VR|ABarapppppap,310,311.9090909,313.1023173,14.32370767,1.0
LIN_0377,ABarpaaaaa,OLQsoDL,OLQsoDR,ABarpaaaaa|OLQsoDL|OLQsoDR,320,214.7686601,261.1069696,16.1111579,1.0
LIN_0378,ABarpaaaap,CEPshDL,OLQshDL,ABarpaaaap|CEPshDL|OLQshDL,320,235.7948639,254.9929298,16.00684543,1.0
LIN_0379,ABarpaaapa,CEPshDR,OLQshDR,ABarpaaapa|CEPshDR|OLQshDR,315,245.4255409,262.1340548,15.86403349,1.0
LIN_0380,ABarpapaaa,URADR,CEMDR,ABarpapaaa|URADR|CEMDR,320,233.0648288,272.9131257,16.21418838,1.0
LIN_0381,ABarpapaap,ABarpapaapp,ABarpapaapa,ABarpapaap|ABarpapaapp|ABarpapaapa,295,259.4695726,274.6557737,16.08890471,1.0
LIN_0382,ABarpapaapp,URXR,CEPDR,ABarpapaapp|URXR|CEPDR,380,214.018254,321.4519842,24.28996032,1.0
LIN_0383,ABarppaapp,BDUL,ALML,ABarppaapp|BDUL|ALML,435,420.7730926,240.8574922,15.82597164,1.0
LIN_0384,ABarpppapp,BDUR,ALMR,ABarpppapp|BDUR|ALMR,435,420.947141,275.7523661,15.64305791,1.0
LIN_0385,ABplaaaaaa,CEMDL,URADL,ABplaaaaaa|CEMDL|URADL,320,228.9490933,246.0216649,16.17089487,1.0
LIN_0386,ABplaaaaap,ABplaaaaapp,ABplaaaaapa,ABplaaaaap|ABplaaaaapp|ABplaaaaapa,295,254.9683412,245.5048237,16.05802622,1.0
LIN_0387,ABplaaaaapp,URXL,CEPDL,ABplaaaaapp|URXL|CEPDL,380,221.6865497,213.7052632,23.15418129,1.0
LIN_0388,ABplaapaa,ABplaapaap,ABplaapaaa,ABplaapaa|ABplaapaap|ABplaapaaa,230,257.4897809,238.6757854,15.71530842,1.0
LIN_0389,ABplaapaaa,ILsoDL,hyp3,ABplaapaaa|ILsoDL|hyp3,310,235.6471168,236.3803366,15.94370386,1.0
LIN_0390,ABplaapaap,AMshL,URBL,ABplaapaap|AMshL|URBL,290,262.6979038,234.6737184,15.79954063,1.0
LIN_0391,ABplaapap,ABplaapapp,ABplaapapa,ABplaapap|ABplaapapp|ABplaapapa,230,294.5115764,237.9564614,15.74057266,1.0
LIN_0392,ABplaapapa,AWAL,ASGL,ABplaapapa|AWAL|ASGL,310,277.3841984,228.689588,15.74676905,1.0
LIN_0393,ABplaapapp,AIBL,ABplaapappp,ABplaapapp|AIBL|ABplaapappp,285,301.1146793,231.3536435,15.74561657,1.0
LIN_0394,ABplaapappp,ABplaapapppp,ASIL,ABplaapappp|ABplaapapppp|ASIL,400,241.224359,256.4065171,14.78007479,1.0
LIN_0395,ABplaappa,hyp6,hyp4,ABplaappa|hyp6|hyp4,230,316.6590138,233.9419847,15.54167587,1.0
LIN_0396,ABplaappp,hyp7,hyp7,ABplaappp|hyp7|hyp7,215,353.6677632,233.1511667,15.45707218,1.0
LIN_0397,ABplapaaa,ABplapaaaa,ABplapaaap,ABplapaaa|ABplapaaaa|ABplapaaap,220,335.7859539,241.380663,15.58919645,1.0
LIN_0398,ABplapaaaa,ABplapaaaap,ABplapaaaaa,ABplapaaaa|ABplapaaaap|ABplapaaaaa,307,344.2781827,238.776617,15.33330203,1.0
LIN_0399,ABplapaaaap,ADAL,ADEL,ABplapaaaap|ADAL|ADEL,425,367.4028408,224.5596803,15.4254101,1.0
LIN_0400,ABplapaaap,ABplapaaapa,RMGL,ABplapaaap|ABplapaaapa|RMGL,306,368.6219505,237.0900051,15.41546723,1.0
LIN_0401,ABplapaaapa,AIZL,FLPL,ABplapaaapa|AIZL|FLPL,425,370.9420001,209.3077499,15.38719449,1.0
LIN_0402,ABplapaap,G2,P1,ABplapaap|G2|P1,225,371.8364479,241.0630057,15.62533912,1.0
LIN_0403,ABplapapa,ABplapapaa,P9,ABplapapa|ABplapapaa|P9,215,400.0772073,240.876558,15.52018145,1.0
LIN_0404,ABplapapaa,QL,V5L,ABplapapaa|QL|V5L,735,465.787269,235.6670144,15.6855346,1.0
LIN_0405,ABplapapaa,QL,V5L,ABplapapaa|QL|V5L,735,442.2370572,228.9155313,14.40354223,1.0
LIN_0406,ABplapapp,ABplapappp,P11,ABplapapp|ABplapappp|P11,215,439.0838497,240.025762,15.42772669,1.0
LIN_0407,ABplapappp,ABplapapppp,ABplapapppa,ABplapappp|ABplapapppp|ABplapapppa,305,501.2229056,238.5284407,15.18711332,1.0
LIN_0408,ABplapapppp,ABplapappppa,ABplapappppp,ABplapapppp|ABplapappppa|ABplapappppp,400,603.258611,241.6531777,17.62824205,1.0
LIN_0409,ABplapappppa,PLML,ALNL,ABplapappppa|PLML|ALNL,485,0.0,0.0,0.0,1.0
LIN_0410,ABplappaa,P5,P3,ABplappaa|P5|P3,215,389.880724,233.8117564,15.41664065,1.0
LIN_0411,ABplappap,V3L,P7,ABplappap|V3L|P7,215,424.6644011,233.5135221,15.43738585,1.0
LIN_0412,ABplapppa,ABplapppap,ABplapppaa,ABplapppa|ABplapppap|ABplapppaa,230,442.4881709,233.1101296,15.27244438,1.0
LIN_0413,ABplapppaa,PVQL,ABplapppaap,ABplapppaa|PVQL|ABplapppaap,310,454.7286852,233.3457698,15.2900678,1.0
LIN_0414,ABplapppap,ABplapppapa,ABplapppapp,ABplapppap|ABplapppapa|ABplapppapp,285,472.3934237,236.773328,15.28544697,1.0
LIN_0415,ABplapppapp,PHBL,HSNL,ABplapppapp|PHBL|HSNL,405,557.1606407,230.706865,15.50062293,1.0
LIN_0416,ABplapppp,TL,hyp7,ABplapppp|TL|hyp7,230,467.1919393,234.8290755,15.25810832,1.0
LIN_0417,ABplpaaaa,ABplpaaaap,ABplpaaaaa,ABplpaaaa|ABplpaaaap|ABplpaaaaa,225,262.4986485,231.0286043,15.2567156,1.0
LIN_0418,ABplpaaaaa,SAAVL,AWCL,ABplpaaaaa|SAAVL|AWCL,295,264.3773455,227.1979819,14.81010666,1.0
LIN_0419,ABplpaaaap,DB1,exc duct,ABplpaaaap|DB1|exc duct,290,289.1390004,224.1723814,14.79513633,1.0
LIN_0420,ABplpaaap,ABplpaaapp,ABplpaaapa,ABplpaaap|ABplpaaapp|ABplpaaapa,225,293.3975849,228.5363914,15.28119309,1.0
LIN_0421,ABplpaaapa,URAVL,CEPshVL,ABplpaaapa|URAVL|CEPshVL,305,290.3975391,221.3599106,14.90906987,1.0
LIN_0422,ABplpaaapp,URYVL,ABplpaaappa,ABplpaaapp|URYVL|ABplpaaappa,295,311.2580261,220.6286323,14.85500394,1.0
LIN_0423,ABplpaaappa,ABplpaaappap,OLQVL,ABplpaaappa|ABplpaaappap|OLQVL,415,244.25,184.7708333,12.00833333,1.0
LIN_0424,ABplpaapa,ABplpaapap,ABplpaapaa,ABplpaapa|ABplpaapap|ABplpaapaa,227,291.7846338,227.9733856,15.37276942,1.0
LIN_0425,ABplpaapaa,AVBL,RIVL,ABplpaapaa|AVBL|RIVL,305,272.1563383,223.6297125,15.01202768,1.0
LIN_0426,ABplpaapap,AMsoL,CEMVL,ABplpaapap|AMsoL|CEMVL,310,295.4982356,220.2636605,15.15130675,1.0
LIN_0427,ABplpaapp,ABplpaappa,ABplpaappp,ABplpaapp|ABplpaappa|ABplpaappp,215,328.4129066,227.9356931,15.3145522,1.0
LIN_0428,ABplpaappa,ASHL,RIBL,ABplpaappa|ASHL|RIBL,295,318.1650527,219.8676002,15.14876062,1.0
LIN_0429,ABplpaappp,ABplpaapppp,AIML,ABplpaappp|ABplpaapppp|AIML,280,338.6954235,218.8058972,14.99986067,1.0
LIN_0430,ABplpaapppp,ABplpaappppp,CEPVL,ABplpaapppp|ABplpaappppp|CEPVL,400,299.1326531,201.7413222,14.98670853,1.0
LIN_0431,ABplpapaa,ABplpapaap,ABplpapaaa,ABplpapaa|ABplpapaap|ABplpapaaa,217,307.6262129,230.9150448,14.85848482,1.0
LIN_0432,ABplpapaaa,AIYL,SMDDL,ABplpapaaa|AIYL|SMDDL,305,313.5575401,229.9741021,14.37072513,1.0
LIN_0433,ABplpapaap,SIADL,SIBVL,ABplpapaap|SIADL|SIBVL,300,337.2460942,227.8370882,14.40688236,1.0
LIN_0434,ABplpapapa,exc gl L,AVKL,ABplpapapa|exc gl L|AVKL,290,346.0312813,227.7703745,14.21885284,1.0
LIN_0435,ABplpapapp,SIAVL,DB5,ABplpapapp|SIAVL|DB5,295,372.8379501,231.5842593,14.2333619,1.0
LIN_0436,ABplpappa,ABplpappap,ABplpappaa,ABplpappa|ABplpappap|ABplpappaa,210,350.4059996,234.2713137,14.55475117,1.0
LIN_0437,ABplpapppa,rect hyp,K,ABplpapppa|rect hyp|K,280,386.2241599,239.5111897,14.16419939,1.0
LIN_0438,ABplppaaa,ABplppaaap,ABplppaaaa,ABplppaaa|ABplppaaap|ABplppaaaa,230,337.558396,228.821233,15.1334745,1.0
LIN_0439,ABplppaaaa,ABplppaaaap,SIBDL,ABplppaaaa|ABplppaaaap|SIBDL,298,328.277116,228.3325004,15.02227816,1.0
LIN_0440,ABplppaaaap,ABplppaaaapa,RICL,ABplppaaaap|ABplppaaaapa|RICL,408,339.8744293,134.470972,13.74520548,1.0
LIN_0441,ABplppaapa,ABplppaapaa,RIML,ABplppaapa|ABplppaapaa|RIML,310,364.7661922,225.6323782,14.65550454,1.0
LIN_0442,ABplppaapp,AIAL,DB6,ABplppaapp|AIAL|DB6,305,390.7558467,227.6186962,14.65098127,1.0
LIN_0443,ABplppapaa,ABplppapaaa,SABD,ABplppapaa|ABplppapaaa|SABD,295,359.7292533,226.0404918,14.95520446,1.0
LIN_0444,ABplppapaaa,SABVL,RIFL,ABplppapaaa|SABVL|RIFL,415,379.6267974,135.4006536,13.60140523,1.0
LIN_0445,ABplppapap,DA4,DA2,ABplppapap|DA4|DA2,315,388.3099489,224.8747697,14.87725021,1.0
LIN_0446,ABplppappa,DD1,RIGL,ABplppappa|DD1|RIGL,308,406.4267529,227.7147641,14.92626341,1.0
LIN_0447,ABplppappp,DD3,DD5,ABplppappp|DD3|DD5,320,432.7533401,229.35489,14.88843065,1.0
LIN_0448,ABplpppaaa,DA9,DA6,ABplpppaaa|DA9|DA6,295,412.5169706,229.792309,14.83838293,1.0
LIN_0449,ABplpppaap,PHAL,ABplpppaapa,ABplpppaap|PHAL|ABplpppaapa,285,440.0274051,231.5206479,14.83821212,1.0
LIN_0450,ABplpppaapa,PVCL,LUAL,ABplpppaapa|PVCL|LUAL,330,563.3648025,269.5357143,15.49079919,1.0
LIN_0451,ABplpppap,ABplpppapa,ABplpppapp,ABplpppap|ABplpppapa|ABplpppapp,225,436.872812,226.195405,14.76541237,1.0
LIN_0452,ABplpppapa,hyp8,PHshL,ABplpppapa|hyp8|PHshL,275,459.5442276,233.4977521,14.68701162,1.0
LIN_0453,ABplppppaa,PVPL,rect VL,ABplppppaa|PVPL|rect VL,295,400.3882501,234.5995537,14.61182065,1.0
LIN_0454,ABplppppap,U,F,ABplppppap|U|F,280,426.4220577,237.3712511,14.73996205,1.0
LIN_0455,ABplppppp,ABplpppppp,ABplpppppa,ABplppppp|ABplpppppp|ABplpppppa,220,434.6017288,237.6370058,14.96302386,1.0
LIN_0456,ABplpppppa,mu anal,mu int L,ABplpppppa|mu anal|mu int L,295,438.9731154,244.2612778,14.66996961,1.0
LIN_0457,ABplpppppp,tail spike,hyp10,ABplpppppp|tail spike|hyp10,295,462.4567417,245.5730815,14.74924828,1.0
LIN_0458,ABpraaaaa,ABpraaaaap,ABpraaaaaa,ABpraaaaa|ABpraaaaap|ABpraaaaaa,240,254.6112175,276.5130475,15.1117576,1.0
LIN_0459,ABpraaaaaa,AVER,OLQshVR,ABpraaaaaa|AVER|OLQshVR,315,240.368475,284.0425356,15.09495237,1.0
LIN_0460,ABpraaaaap,OLLshR,ABpraaaaapv,ABpraaaaap|OLLshR|ABpraaaaapv,325,254.8533021,287.3463275,15.29345638,1.0
LIN_0461,ABpraaaap,ABpraaaapp,ABpraaaapa,ABpraaaap|ABpraaaapp|ABpraaaapa,227,281.3027653,279.3065598,15.14505026,1.0
LIN_0462,ABpraaaapa,RMDR,AFDR,ABpraaaapa|RMDR|AFDR,305,264.1023706,284.9446098,15.17076352,1.0
LIN_0463,ABpraaaapp,ABpraaaappp,ABpraaaappa,ABpraaaapp|ABpraaaappp|ABpraaaappa,290,282.7940678,288.8636737,15.33514326,1.0
LIN_0464,ABpraaaappp,ABpraaaapppp,ASKR,ABpraaaappp|ABpraaaapppp|ASKR,385,224.5781818,365.1454546,15.25745455,1.0
LIN_0465,ABpraaapa,ABpraaapaa,ABpraaapap,ABpraaapa|ABpraaapaa|ABpraaapap,226,273.1132558,277.859615,15.2701917,1.0
LIN_0466,ABpraaapaa,ADLR,ABpraaapaav,ABpraaapaa|ADLR|ABpraaapaav,295,251.0773832,278.5903542,15.41358816,1.0
LIN_0467,ABpraaapap,ABpraaapapp,ABpraaapapa,ABpraaapap|ABpraaapapp|ABpraaapapa,300,269.2497928,282.2089673,15.5060781,1.0
LIN_0468,ABpraaapapa,OLLR,ABpraaapapap,ABpraaapapa|OLLR|ABpraaapapap,405,177.4285714,364.7619048,22.14761905,1.0
LIN_0469,ABpraaapp,ABpraaappa,ABpraaappp,ABpraaapp|ABpraaappa|ABpraaappp,220,310.2375163,278.1830907,15.08115306,1.0
LIN_0470,ABpraaappa,AWBR,ADFR,ABpraaappa|AWBR|ADFR,280,287.9507,281.8723565,15.39790846,1.0
LIN_0471,ABpraaappp,ABpraaapppa,ABpraaapppp,ABpraaappp|ABpraaapppa|ABpraaapppp,260,313.8158523,284.415017,15.41040104,1.0
LIN_0472,ABpraaapppa,ASER,ABpraaapppap,ABpraaapppa|ASER|ABpraaapppap,350,286.6487593,301.5414809,15.74974449,1.0
LIN_0473,ABpraaapppp,AUAR,ASJR,ABpraaapppp|AUAR|ASJR,350,307.6817268,312.6365794,16.54537582,1.0
LIN_0474,ABpraapaa,ABpraapaaa,ABpraapaap,ABpraapaa|ABpraapaaa|ABpraapaap,230,307.0279614,281.3922726,15.4191794,1.0
LIN_0475,ABpraapaaa,ILsoDR,hyp3,ABpraapaaa|ILsoDR|hyp3,305,243.2372684,280.4860987,15.91162179,1.0
LIN_0476,ABpraapaap,URBR,AMshR,ABpraapaap|URBR|AMshR,295,273.2215261,283.3816138,15.71342791,1.0
LIN_0477,ABpraapap,ABpraapapa,ABpraapapp,ABpraapap|ABpraapapa|ABpraapapp,230,342.6860791,281.2171291,15.46727931,1.0
LIN_0478,ABpraapapa,AWAR,ASGR,ABpraapapa|AWAR|ASGR,310,291.894195,286.6171346,15.84442331,1.0
LIN_0479,ABpraapapp,AIBR,ABpraapappp,ABpraapapp|AIBR|ABpraapappp,295,315.9045692,286.6775614,15.76923006,1.0
LIN_0480,ABpraapappp,ABpraapapppp,ASIR,ABpraapappp|ABpraapapppp|ASIR,395,265.0972222,305.625,16.12638889,1.0
LIN_0481,ABpraappa,hyp6,hyp4,ABpraappa|hyp6|hyp4,230,360.637428,282.5258074,15.16749662,1.0
LIN_0482,ABpraappp,hyp7,hyp7,ABpraappp|hyp7|hyp7,223,398.5198884,279.9459938,15.0986842,1.0
LIN_0483,ABprapaaa,ABprapaaaa,ABprapaaap,ABprapaaa|ABprapaaaa|ABprapaaap,225,377.8690712,280.8660847,15.53964715,1.0
LIN_0484,ABprapaaaa,ABprapaaaaa,ABprapaaaap,ABprapaaaa|ABprapaaaaa|ABprapaaaap,310,361.9944419,281.0437967,15.33521981,1.0
LIN_0485,ABprapaaaap,ADAR,ADER,ABprapaaaap|ADAR|ADER,425,348.9450758,232.2619048,7.124107143,1.0
LIN_0486,ABprapaaap,ABprapaaapa,RMGR,ABprapaaap|ABprapaaapa|RMGR,305,385.1743825,278.6362604,15.3236005,1.0
LIN_0487,ABprapaaapa,AIZR,FLPR,ABprapaaapa|AIZR|FLPR,425,371.1357857,278.6988824,14.13715066,1.0
LIN_0488,ABprapaap,W,P2,ABprapaap|W|P2,225,415.9529964,280.1334727,15.57392016,1.0
LIN_0489,ABprapapa,P10,ABprapapaa,ABprapapa|P10|ABprapapaa,223,451.1415924,278.2518896,15.33475914,1.0
LIN_0490,ABprapapaa,QR,V5R,ABprapapaa|QR|V5R,730,473.3776138,274.7381426,15.42122138,1.0
LIN_0491,ABprapapp,P12,ABprapappp,ABprapapp|P12|ABprapappp,223,484.1804159,272.1804095,15.25043192,1.0
LIN_0492,ABprapappp,ABprapapppa,ABprapapppp,ABprapappp|ABprapapppa|ABprapapppp,300,514.6906251,266.2558569,15.15000404,1.0
LIN_0493,ABprapapppp,ABprapappppa,ABprapappppp,ABprapapppp|ABprapappppa|ABprapappppp,395,597.9280241,259.9938424,14.74437603,1.0
LIN_0494,ABprapappppa,ALNR,PLMR,ABprapappppa|ALNR|PLMR,475,0.0,0.0,0.0,1.0
LIN_0495,ABprappaa,P6,P4,ABprappaa|P6|P4,223,434.227504,278.8111996,14.96772979,1.0
LIN_0496,ABprappap,P8,V3R,ABprappap|P8|V3R,223,467.5914143,274.8727195,14.99446652,1.0
LIN_0497,ABprapppa,ABprapppap,ABprapppaa,ABprapppa|ABprapppap|ABprapppaa,230,480.8926754,271.9725299,14.98856846,1.0
LIN_0498,ABprapppaa,PVQR,ABprapppaap,ABprapppaa|PVQR|ABprapppaap,315,468.4833209,269.9279042,15.46408902,1.0
LIN_0499,ABprapppap,ABprapppapa,ABprapppapp,ABprapppap|ABprapppapa|ABprapppapp,290,485.7140251,266.3896097,15.43304144,1.0
LIN_0500,ABprapppapp,PHBR,HSNR,ABprapppapp|PHBR|HSNR,405,557.9912281,230.5593395,17.63152735,1.0
LIN_0501,ABprapppp,TR,hyp7,ABprapppp|TR|hyp7,230,497.8034679,266.0082524,14.98859792,1.0
LIN_0502,ABprpaaaa,ABprpaaaap,ABprpaaaaa,ABprpaaaa|ABprpaaaap|ABprpaaaaa,225,302.8710254,275.9643862,14.7565111,1.0
LIN_0503,ABprpaaaaa,AWCR,SAAVR,ABprpaaaaa|AWCR|SAAVR,297,277.5405497,277.4615607,14.81865611,1.0
LIN_0504,ABprpaaaap,DB3,G1,ABprpaaaap|DB3|G1,293,303.3365917,280.6642845,14.77844756,1.0
LIN_0505,ABprpaaap,ABprpaaapp,ABprpaaapa,ABprpaaap|ABprpaaapp|ABprpaaapa,225,336.4804204,279.6651176,14.82661463,1.0
LIN_0506,ABprpaaapa,URAVR,CEPshVR,ABprpaaapa|URAVR|CEPshVR,310,308.2220739,282.2228175,15.04016088,1.0
LIN_0507,ABprpaaapp,URYVR,ABprpaaappa,ABprpaaapp|URYVR|ABprpaaappa,295,331.0380826,282.889621,14.92352025,1.0
LIN_0508,ABprpaaappa,ABprpaaappap,OLQVR,ABprpaaappa|ABprpaaappap|OLQVR,408,316.4833334,375.975,9.76,1.0
LIN_0509,ABprpaapa,ABprpaapaa,ABprpaapap,ABprpaapa|ABprpaapaa|ABprpaapap,225,337.6082591,280.8334531,14.88907469,1.0
LIN_0510,ABprpaapaa,AVBR,RIVR,ABprpaapaa|AVBR|RIVR,300,288.5794896,284.2458635,15.0107826,1.0
LIN_0511,ABprpaapap,AMsoR,CEMVR,ABprpaapap|AMsoR|CEMVR,303,312.9236718,288.1156801,15.15493424,1.0
LIN_0512,ABprpaapp,ABprpaappp,ABprpaappa,ABprpaapp|ABprpaappp|ABprpaappa,220,371.3023563,280.6973776,14.87553621,1.0
LIN_0513,ABprpaappa,RIBR,ASHR,ABprpaappa|RIBR|ASHR,300,334.0230949,286.61401,15.13622495,1.0
LIN_0514,ABprpaappp,AIMR,ABprpaapppp,ABprpaappp|AIMR|ABprpaapppp,295,354.6647095,287.0399003,15.05825014,1.0
LIN_0515,ABprpaapppp,CEPVR,ABprpaappppp,ABprpaapppp|CEPVR|ABprpaappppp,408,322.3378378,394.8648649,11.32387387,1.0
LIN_0516,ABprpapaa,ABprpapaap,ABprpapaaa,ABprpapaa|ABprpapaap|ABprpapaaa,225,353.2380534,270.8754052,14.56050061,1.0
LIN_0517,ABprpapaaa,SMDDR,AIYR,ABprpapaaa|SMDDR|AIYR,305,334.1566465,272.7257586,14.36325578,1.0
LIN_0518,ABprpapaap,SIBVR,SIADR,ABprpapaap|SIBVR|SIADR,300,358.8336193,274.3515315,14.40279528,1.0
LIN_0519,ABprpapap,ABprpapapa,ABprpapapp,ABprpapap|ABprpapapa|ABprpapapp,220,374.3496029,268.7215373,14.57011324,1.0
LIN_0520,ABprpapapa,AVKR,exc gl R,ABprpapapa|AVKR|exc gl R,290,369.9751442,269.729017,14.31279451,1.0
LIN_0521,ABprpapapp,SIAVR,DA8,ABprpapapp|SIAVR|DA8,297,396.4181472,267.7891896,14.31535444,1.0
LIN_0522,ABprpappa,ABprpappap,ABprpappaa,ABprpappa|ABprpappap|ABprpappaa,220,381.6623098,264.3971689,14.44648448,1.0
LIN_0523,ABprpappaa,RIH,AVL,ABprpappaa|RIH|AVL,290,347.3847188,261.6034751,14.34993961,1.0
LIN_0524,ABprpappap,DB4,RIS,ABprpappap|DB4|RIS,290,375.8772636,257.8500229,14.31485597,1.0
LIN_0525,ABprpappp,ABprpapppp,ABprpapppa,ABprpappp|ABprpapppp|ABprpapppa,225,413.3059655,264.3375724,14.61296355,1.0
LIN_0526,ABprpapppa,AVG,RIR,ABprpapppa|AVG|RIR,295,402.5929473,259.7039206,14.14763708,1.0
LIN_0527,ABprpapppp,virR,virL,ABprpapppp|virR|virL,290,434.17227,255.7487614,14.30352931,1.0
LIN_0528,ABprppaaa,ABprppaaaa,ABprppaaap,ABprppaaa|ABprppaaaa|ABprppaaap,230,372.1946378,275.8947446,14.80935252,1.0
LIN_0529,ABprppaaaa,SIBDR,ABprppaaaap,ABprppaaaa|SIBDR|ABprppaaaap,297,339.4342798,277.0681966,14.93202046,1.0
LIN_0530,ABprppaap,ABprppaapa,ABprppaapp,ABprppaap|ABprppaapa|ABprppaapp,235,400.4299846,273.7843397,14.72933414,1.0
LIN_0531,ABprppaapa,RIMR,ABprppaapaa,ABprppaapa|RIMR|ABprppaapaa,315,383.4055973,273.556619,14.81644559,1.0
LIN_0532,ABprppaapp,AIAR,DB7,ABprppaapp|AIAR|DB7,305,409.5426892,271.325078,14.79060649,1.0
LIN_0533,ABprppapa,ABprppapap,ABprppapaa,ABprppapa|ABprppapap|ABprppapaa,230,413.37526,274.7422186,14.76283623,1.0
LIN_0534,ABprppapaa,ABprppapaaa,DA1,ABprppapaa|ABprppapaaa|DA1,295,375.7988731,277.7465502,15.04909502,1.0
LIN_0535,ABprppapaaa,SABVR,RIFR,ABprppapaaa|SABVR|RIFR,415,420.48406,302.7939522,15.31017346,1.0
LIN_0536,ABprppapap,DA5,DA3,ABprppapap|DA5|DA3,315,403.656475,277.305592,14.9916778,1.0
LIN_0537,ABprppapp,ABprppappa,ABprppappp,ABprppapp|ABprppappa|ABprppappp,230,443.1717618,273.2792479,14.88879144,1.0
LIN_0538,ABprppappa,RIGR,DD2,ABprppappa|RIGR|DD2,307,422.3986231,276.7513651,14.90786058,1.0
LIN_0539,ABprppappp,DD6,DD4,ABprppappp|DD6|DD4,320,449.8560222,275.6275194,15.03099619,1.0
LIN_0540,ABprpppaa,ABprpppaap,ABprpppaaa,ABprpppaa|ABprpppaap|ABprpppaaa,228,450.7320572,272.749081,14.81723516,1.0
LIN_0541,ABprpppaaa,DA7,PDA,ABprpppaaa|DA7|PDA,293,434.774938,271.6485352,14.96006377,1.0
LIN_0542,ABprpppaap,PHAR,ABprpppaapa,ABprpppaap|PHAR|ABprpppaapa,290,463.4692484,268.8902714,15.06046356,1.0
LIN_0543,ABprpppap,ABprpppapa,ABprpppapp,ABprpppap|ABprpppapa|ABprpppapp,228,478.5368259,268.1938882,14.82937727,1.0
LIN_0544,ABprpppapa,hyp9,PHshR,ABprpppapa|hyp9|PHshR,275,475.7599371,263.9555497,15.05218125,1.0
LIN_0545,ABprppppa,ABprppppaa,ABprppppap,ABprppppa|ABprppppaa|ABprppppap,225,442.1181402,266.0818458,14.77224286,1.0
LIN_0546,ABprppppaa,rect VR,PVPR,ABprppppaa|rect VR|PVPR,293,421.8626848,266.0564249,14.71231376,1.0
LIN_0547,ABprppppaa,rect VR,PVPR,ABprppppaa|rect VR|PVPR,293,410.7893615,264.8298404,15.65695775,1.0
LIN_0548,ABprppppap,B,DVA,ABprppppap|B|DVA,280,444.7821692,265.7089779,14.75143486,1.0
LIN_0549,ABprppppap,B,DVA,ABprppppap|B|DVA,280,440.6901408,251.584507,16.65267606,1.0
LIN_0550,ABprppppp,ABprpppppa,ABprpppppp,ABprppppp|ABprpppppa|ABprpppppp,225,464.1620802,260.9186014,14.88892154,1.0
LIN_0551,ABprpppppa,mu sph,mu bod,ABprpppppa|mu sph|mu bod,293,455.5196272,257.8878095,14.71048991,1.0
LIN_0552,ABprpppppa,mu sph,mu bod,ABprpppppa|mu sph|mu bod,293,449.2986627,253.5200594,16.71396731,1.0
LIN_0553,ABprpppppp,hyp10,tail spike,ABprpppppp|hyp10|tail spike,293,479.2724521,254.3967674,14.83664078,1.0
LIN_0554,Capaaa,mu bod,mu bod,Capaaa|mu bod|mu bod,322,406.5180164,238.4653414,14.93608925,1.0
LIN_0555,Capaap,mu bod,mu bod,Capaap|mu bod|mu bod,330,423.4762383,247.0627084,14.73701585,1.0
LIN_0556,Capapa,mu bod,mu bod,Capapa|mu bod|mu bod,325,440.4697373,240.9489885,14.8891685,1.0
LIN_0557,Capapp,mu bod,mu bod,Capapp|mu bod|mu bod,330,455.3003499,245.7268207,14.70767446,1.0
LIN_0558,Cappaa,mu bod,mu bod,Cappaa|mu bod|mu bod,310,442.1926999,240.0742158,14.9564149,1.0
LIN_0559,Cappap,mu bod,mu bod,Cappap|mu bod|mu bod,322,461.7716345,241.1318,14.83170089,1.0
LIN_0560,Capppa,mu bod,mu bod,Capppa|mu bod|mu bod,322,482.4376589,241.6205799,15.08269165,1.0
LIN_0561,Capppp,mu bod,mu bod,Capppp|mu bod|mu bod,330,479.4749927,247.8481163,14.65821312,1.0
LIN_0562,Cppaaa,mu bod,mu bod,Cppaaa|mu bod|mu bod,322,424.4039866,264.6075916,14.8188005,1.0
LIN_0563,Cppaap,mu bod,mu bod,Cppaap|mu bod|mu bod,330,443.3877492,259.485368,14.73790423,1.0
LIN_0564,Cppapa,mu bod,mu bod,Cppapa|mu bod|mu bod,325,443.9930558,261.7846985,14.86133069,1.0
LIN_0565,Cppapp,mu bod,mu bod,Cppapp|mu bod|mu bod,330,460.3860799,254.5277788,14.62135195,1.0
LIN_0566,Cpppaa,mu bod,mu bod,Cpppaa|mu bod|mu bod,310,451.2142369,265.7121987,15.21766898,1.0
LIN_0567,Cpppap,mu bod,mu bod,Cpppap|mu bod|mu bod,322,475.8712329,263.2379428,14.97653586,1.0
LIN_0568,Cppppa,mu bod,mu bod,Cppppa|mu bod|mu bod,322,490.4930759,261.2426913,14.948061,1.0
LIN_0569,Cppppp,mu bod,mu bod,Cppppp|mu bod|mu bod,330,491.3995387,253.3597554,14.80670061,1.0
LIN_0570,Dappa,mu bod,mu bod,Dappa|mu bod|mu bod,340,408.9923808,236.0964413,15.42467431,1.0
LIN_0571,Dappp,mu bod,mu bod,Dappp|mu bod|mu bod,360,443.845113,233.9233334,14.93051115,1.0
LIN_0572,Dpppa,mu bod,mu bod,Dpppa|mu bod|mu bod,340,404.4281937,276.1415768,15.12234684,1.0
LIN_0573,Dpppp,mu bod,mu bod,Dpppp|mu bod|mu bod,360,446.3487174,271.2157985,14.41780531,1.0
LIN_0574,MSaaaaa,MSaaaaap,MSaaaaaa,MSaaaaa|MSaaaaap|MSaaaaaa,228,216.4393961,251.9198682,14.96679816,1.0
LIN_0575,MSaaaaaa,GLRDL,GLRDR,MSaaaaaa|GLRDL|GLRDR,350,199.1234724,253.7780781,15.11830085,1.0
LIN_0576,MSaaaaaa,GLRDL,GLRDR,MSaaaaaa|GLRDL|GLRDR,350,0.0,0.0,0.0,1.0
LIN_0577,MSaaaaap,m4DL,MSaaaaapa,MSaaaaap|m4DL|MSaaaaapa,280,222.0243439,252.0230987,15.24879616,1.0
LIN_0578,MSaaaaap,m4DL,MSaaaaapa,MSaaaaap|m4DL|MSaaaaapa,280,0.0,0.0,0.0,1.0
LIN_0579,MSaaaaapa,I3,g1P,MSaaaaapa|I3|g1P,350,163.7845238,255.5472222,15.97515873,1.0
LIN_0580,MSaaaap,MSaaaapp,MSaaaapa,MSaaaap|MSaaaapp|MSaaaapa,235,234.5325783,256.5939721,15.2206473,1.0
LIN_0581,MSaaaapa,I4,m5DL,MSaaaapa|I4|m5DL,285,241.9816988,254.3332349,15.64814651,1.0
LIN_0582,MSaaaapa,I4,m5DL,MSaaaapa|I4|m5DL,285,243.1364421,250.1848014,13.9044905,1.0
LIN_0583,MSaaaapp,MSaaaappa,m7D,MSaaaapp|MSaaaappa|m7D,300,270.0388434,252.1202626,15.34984024,1.0
LIN_0584,MSaaaapp,MSaaaappa,m7D,MSaaaapp|MSaaaappa|m7D,300,0.0,0.0,0.0,1.0
LIN_0585,MSaaapa,MSaaapaa,MSaaapap,MSaaapa|MSaaapaa|MSaaapap,240,267.960135,250.0771765,14.84283058,1.0
LIN_0586,MSaaapaa,m4L,m3DL,MSaaapaa|m4L|m3DL,285,254.7324913,248.624127,15.03874797,1.0
LIN_0587,MSaaapaa,m4L,m3DL,MSaaapaa|m4L|m3DL,285,254.6122779,250.361874,14.55605816,1.0
LIN_0588,MSaaapap,mc3DL,m8,MSaaapap|mc3DL|m8,300,280.5681154,250.5226246,14.84189768,1.0
LIN_0589,MSaaapap,mc3DL,m8,MSaaapap|mc3DL|m8,300,282.9209677,252.8112903,14.17951613,1.0
LIN_0590,MSaaapp,MSaaappa,vpi3D,MSaaapp|MSaaappa|vpi3D,280,297.670135,250.8364963,14.79427247,1.0
LIN_0591,MSaapaa,MSaapaaa,MSaapaap,MSaapaa|MSaapaaa|MSaapaap,235,305.8444621,242.0725484,14.54770154,1.0
LIN_0592,MSaapaaa,m5VL,m4VL,MSaapaaa|m5VL|m4VL,280,297.1480071,242.5485675,14.54476832,1.0
LIN_0593,MSaapaaa,m5VL,m4VL,MSaapaaa|m5VL|m4VL,280,297.949464,252.5543645,15.37411945,1.0
LIN_0594,MSaapaap,MSaapaapa,m7VL,MSaapaap|MSaapaapa|m7VL,275,319.1871651,245.8825563,14.60729892,1.0
LIN_0595,MSaapaap,MSaapaapa,m7VL,MSaapaap|MSaapaapa|m7VL,275,319.9800613,250.9662577,14.72407975,1.0
LIN_0596,MSaapaapa,g1AL,MSaapaapap,MSaapaapa|g1AL|MSaapaapap,380,311.832094,229.6678205,14.94918804,1.0
LIN_0597,MSaapap,MSaapapa,MSaapapp,MSaapap|MSaapapa|MSaapapp,240,342.6631581,243.1329686,14.41691364,1.0
LIN_0598,MSaapapa,g2L,MSaapapap,MSaapapa|g2L|MSaapapap,350,322.4255404,245.1281447,14.51634126,1.0
LIN_0599,MSaapapp,m6VL,vpi2DL,MSaapapp|m6VL|vpi2DL,290,353.0257,243.6000433,14.54188446,1.0
LIN_0600,MSaappa,vpi2V,vpi3V,MSaappa|vpi2V|vpi3V,290,361.2053666,244.3636205,14.2519709,1.0
LIN_0601,MSaappp,MSaapppa,MSaapppp,MSaappp|MSaapppa|MSaapppp,270,380.3678003,240.5282224,14.49010841,1.0
LIN_0602,MSaapppa,mu bod,mu bod,MSaapppa|mu bod|mu bod,340,365.7540003,224.6740271,14.01671505,1.0
LIN_0603,MSaapppp,mu bod,mu bod,MSaapppp|mu bod|mu bod,370,398.5687151,226.9698387,13.99785752,1.0
LIN_0604,MSapaaa,MSapaaaa,mu bod,MSapaaa|MSapaaaa|mu bod,240,248.6757832,238.6793699,15.11826244,1.0
LIN_0605,MSapaaaa,GLRVL,GLRL,MSapaaaa|GLRVL|GLRL,370,223.1369071,241.8583125,15.0323648,1.0
LIN_0606,MSapaap,M,MSapaapa,MSapaap|M|MSapaapa,260,275.2733059,238.9830446,14.91397753,1.0
LIN_0607,MSapapa,mu bod,MSapapaa,MSapapa|mu bod|MSapapaa,240,292.2658742,235.9893688,15.06149186,1.0
LIN_0608,MSapapp,mu bod,mu bod,MSapapp|mu bod|mu bod,250,323.9897706,238.0699363,15.16396495,1.0
LIN_0609,MSappaa,Z4,hmc,MSappaa|Z4|hmc,265,325.2074549,237.672586,14.802916,1.0
LIN_0610,MSappap,MSappapa,mu bod,MSappap|MSappapa|mu bod,270,350.3766958,235.907514,14.63805489,1.0
LIN_0611,MSapppa,mu bod,mu bod,MSapppa|mu bod|mu bod,260,339.8781895,231.8999835,15.02152923,1.0
LIN_0612,MSapppp,mu bod,mu bod,MSapppp|mu bod|mu bod,260,372.4339253,235.214604,15.12550614,1.0
LIN_0613,MSpaaaa,MSpaaaaa,MSpaaaap,MSpaaaa|MSpaaaaa|MSpaaaap,230,242.6230558,260.7077704,14.95391648,1.0
LIN_0614,MSpaaaaa,MSpaaaaap,M4,MSpaaaaa|MSpaaaaap|M4,330,216.1000234,262.9460553,15.13483565,1.0
LIN_0615,MSpaaaap,m4DR,m3DR,MSpaaaap|m4DR|m3DR,290,245.0932559,261.956212,15.11547647,1.0
LIN_0616,MSpaaap,MSpaaapa,MSpaaapp,MSpaaap|MSpaaapa|MSpaaapp,235,278.7370432,262.5159757,14.96014125,1.0
LIN_0617,MSpaaapa,M5,I6,MSpaaapa|M5|I6,320,260.1679905,263.9755565,15.2711739,1.0
LIN_0618,MSpaaapp,m6D,m5DR,MSpaaapp|m6D|m5DR,300,288.6489226,261.6942145,15.19626358,1.0
LIN_0619,MSpaapa,MSpaapaa,MSpaapap,MSpaapa|MSpaapaa|MSpaapap,245,290.6779542,260.9994894,14.7323795,1.0
LIN_0620,MSpaapaa,MSpaapaap,M1,MSpaapaa|MSpaapaap|M1,325,265.9657408,264.0525458,15.04987658,1.0
LIN_0621,MSpaapap,vpi1,mc3DR,MSpaapap|vpi1|mc3DR,305,294.4524257,264.7819504,14.91031025,1.0
LIN_0622,MSpapaa,MSpapaap,MSpapaaa,MSpapaa|MSpapaap|MSpapaaa,235,332.4668597,252.4044505,14.43062224,1.0
LIN_0623,MSpapaaa,m5VR,m4VR,MSpapaaa|m5VR|m4VR,278,314.1334369,253.6684373,14.35942721,1.0
LIN_0624,MSpapaap,MSpapaapa,m7VR,MSpapaap|MSpapaapa|m7VR,275,339.6177201,255.910966,14.45212942,1.0
LIN_0625,MSpapaapa,g1AR,MSpapaapap,MSpapaapa|g1AR|MSpapaapap,380,331.3239316,282.0066239,14.59788462,1.0
LIN_0626,MSpapap,MSpapapa,MSpapapp,MSpapap|MSpapapa|MSpapapp,240,367.0615741,252.1530818,14.44580508,1.0
LIN_0627,MSpapapa,MSpapapap,g2R,MSpapapa|MSpapapap|g2R,355,345.0988499,254.2818127,14.28586002,1.0
LIN_0628,MSpapapp,m6VR,vpi2DR,MSpapapp|m6VR|vpi2DR,290,369.2974966,253.0882384,14.38015164,1.0
LIN_0629,MSpappa,mu bod,mu bod,MSpappa|mu bod|mu bod,270,383.9332104,251.3974338,14.34974254,1.0
LIN_0630,MSpappp,MSpapppa,MSpapppp,MSpappp|MSpapppa|MSpapppp,270,405.062321,252.7495781,14.41443157,1.0
LIN_0631,MSpapppa,mu bod,mu bod,MSpapppa|mu bod|mu bod,345,387.6895866,264.2695707,14.64206295,1.0
LIN_0632,MSpapppp,mu bod,mu bod,MSpapppp|mu bod|mu bod,365,411.6451719,260.6758683,14.2765932,1.0
LIN_0633,MSppaaa,mu bod,MSppaaaa,MSppaaa|mu bod|MSppaaaa,240,259.1671301,269.7302129,14.9018442,1.0
LIN_0634,MSppaap,mu int R,MSppaapa,MSppaap|mu int R|MSppaapa,260,294.3275064,269.1533071,14.886407,1.0
LIN_0635,MSppapa,mu bod,MSppapaa,MSppapa|mu bod|MSppapaa,240,308.1109183,272.673378,14.94709137,1.0
LIN_0636,MSppapaa,ccAR,ccPR,MSppapaa|ccAR|ccPR,440,274.7147701,276.8862033,15.1166963,1.0
LIN_0637,MSppapp,mu bod,mu bod,MSppapp|mu bod|mu bod,250,334.5367458,273.5620463,15.07858401,1.0
LIN_0638,MSpppaa,MSpppaaa,Z1,MSpppaa|MSpppaaa|Z1,265,330.8214114,266.8876261,14.68980172,1.0
LIN_0639,MSpppap,mu bod,MSpppapa,MSpppap|mu bod|MSpppapa,270,361.4226916,268.5623118,14.66990351,1.0
LIN_0640,MSppppa,mu bod,mu bod,MSppppa|mu bod|mu bod,260,348.9259686,275.1700697,14.98945799,1.0
LIN_0641,MSppppp,mu bod,mu bod,MSppppp|mu bod|mu bod,260,378.1478399,273.8802488,15.04143515,1.0
