x,y,z,min_size,max_size,cell,mother
-36.85043627559895,-8.649357712611994,0.2509659188699476,48.0,100.0,AB,P0
-68.5860822086133,-0.3670610618942915,0.6367912777216225,41.0,95.0,ABa,AB
-108.17480274733384,-17.719923014756237,0.06164818007852502,42.0,86.0,ABal,ABa
-105.56045974190805,2.0428984053900163,0.38921600267819456,44.0,79.0,ABala,ABal
-114.50466678859028,-12.317578898488078,0.44838985846577295,34.0,73.0,ABalaa,ABala
-113.46241449701458,-16.82630871079711,-0.2586711047235185,36.0,65.0,ABalaaa,ABalaa
-118.85862958208415,-18.706710858008467,0.2804618222167057,34.0,54.0,ABalaaaa,ABalaaa
-116.65506322759434,-15.121306816140043,0.3557548141851589,26.0,45.0,ABalaaaal,ABalaaaa
-111.54591112508426,-15.547201954212303,0.8148229784931758,26.0,39.0,ABalaaaala,ABalaaaal
-99.8411140771138,-23.66897317192448,0.07902962055959674,26.0,38.0,ABalaaaalp,ABalaaaal
-129.20704675604847,0.4927131508210984,1.0816046070937755,26.0,47.0,ABalaaaar,ABalaaaa
-114.64779484055065,-6.317009989371307,1.72295488003691,26.0,38.0,ABalaaaarl,ABalaaaar
-106.03356263081282,8.851529336471387,1.0491721085013297,26.0,38.0,ABalaaaarr,ABalaaaar
-101.97126007422597,-6.784979375464778,-0.7865321741887858,32.0,57.0,ABalaaap,ABalaaa
-131.96612983752198,-2.7598960173716143,-0.4906238185716059,27.0,48.0,ABalaaapa,ABalaaap
-106.66106096817153,-11.214696292707092,0.259869017738615,26.0,40.0,ABalaaapal,ABalaaapa
-105.63613884979146,1.3990108724019419,0.22528957848627848,26.0,40.0,ABalaaapar,ABalaaapa
-105.96739533992645,-0.5443238862159386,-0.5358245868060066,26.0,48.0,ABalaaapp,ABalaaap
-118.19700036022913,2.6024345587641204,-0.07781533659429399,26.0,39.0,ABalaaappl,ABalaaapp
-103.94450866587694,6.8183814026179395,0.1387959590867691,26.0,40.0,ABalaaappr,ABalaaapp
-93.1513164624141,-28.98760093158092,0.7273086528379742,34.0,63.0,ABalaap,ABalaa
-85.76628129712373,-13.442858615264408,0.487849685013539,33.0,56.0,ABalaapa,ABalaap
-109.73666247940635,5.778973754353292,0.5543589759808102,26.0,45.0,ABalaapaa,ABalaapa
-83.76098339438406,1.8661405191333786,1.3941529378006743,26.0,38.0,ABalaapaaa,ABalaapaa
-62.55544979754612,7.277207712809268,1.8502794200141128,26.0,38.0,ABalaapaap,ABalaapaa
-88.29659543717905,12.096237127880935,0.24247806904845776,26.0,46.0,ABalaapap,ABalaapa
-63.43314304251625,14.89575506934289,0.5893117835316021,24.0,38.0,ABalaapapa,ABalaapap
-58.01584980943354,16.249138527989505,0.625026069245888,26.0,38.0,ABalaapapp,ABalaapap
-48.030467235351274,-18.0213391367606,0.18290090339007184,31.0,54.0,ABalaapp,ABalaap
-95.13675206507264,1.378010708440649,0.01033433992257953,26.0,46.0,ABalaappa,ABalaapp
-91.46642747310491,5.986439096483915,0.4995446828530766,24.0,38.0,ABalaappaa,ABalaappa
-81.86015569610143,5.425463486727818,0.1329941602049929,26.0,38.0,ABalaappap,ABalaappa
-79.42563288781916,1.4920820938005954,0.25707602171326316,26.0,47.0,ABalaappp,ABalaapp
-103.7971608852883,6.858126594486031,0.4720185504488954,26.0,38.0,ABalaapppa,ABalaappp
-90.56474498314765,5.3321327106939815,0.47599408561709106,26.0,40.0,ABalaapppp,ABalaappp
-96.5434563795068,20.82997366303743,-0.155449260709903,34.0,73.0,ABalap,ABala
-98.56171988029416,17.404031155241093,-0.1571181401985867,34.0,61.0,ABalapa,ABalap
-109.28449896040084,9.581866415123075,-0.03331852820279004,31.0,55.0,ABalapaa,ABalapa
-119.83249120502231,-8.243076937910168,0.43833871676906166,26.0,48.0,ABalapaaa,ABalapaa
-112.92122945573237,-13.891388846785455,0.22096221242072633,26.0,37.0,ABalapaaaa,ABalapaaa
-101.80855339939437,-12.887867720024891,0.6970185504488954,26.0,38.0,ABalapaaap,ABalapaaa
-112.48106476555975,-15.707098000125358,0.4352239680561189,26.0,48.0,ABalapaap,ABalapaa
-99.36629113012658,-23.707546663249456,0.006180041132125118,26.0,38.0,ABalapaapa,ABalapaap
-89.02778181335638,-27.12990691169666,0.34655271193957843,26.0,38.0,ABalapaapp,ABalapaap
-80.62130604821782,15.347303123768988,-0.06363099637889946,33.0,55.0,ABalapap,ABalapa
-98.83310767803141,-10.493292703463355,0.2151678347024741,26.0,47.0,ABalapapa,ABalapap
-107.7185950446145,-2.8527149428970078,1.0750085836714867,24.0,38.0,ABalapapaa,ABalapapa
-95.29999039345172,-13.693246504358802,0.47467635775786576,26.0,38.0,ABalapapap,ABalapapa
-68.97665459918571,-19.000478570311802,-0.2272870051066602,27.0,49.0,ABalapapp,ABalapap
-81.59712842496678,-28.912515607348833,0.21224201413604643,26.0,41.0,ABalapappa,ABalapapp
-57.739586525525446,-26.3035770598628,-0.08384737133881406,26.0,40.0,ABalapappp,ABalapapp
-70.78772630919359,-0.9337922030935178,0.27946535895953356,38.0,61.0,ABalapp,ABalap
-67.72433978437088,3.3088385593178296,-0.4748564495511047,34.0,55.0,ABalappa,ABalapp
-119.54290468670234,-2.8425723181238842,-0.20888882195186081,26.0,47.0,ABalappaa,ABalappa
-110.08340841182185,-7.417417568133151,-0.4171971358256145,24.0,37.0,ABalappaaa,ABalappaa
-104.8088986079003,-6.593888156368445,-0.47847164562953604,24.0,38.0,ABalappaap,ABalappaa
-98.11335493588605,2.3397571199238905,-0.15479963136928657,26.0,47.0,ABalappap,ABalappa
-117.41752806650967,14.469736952378128,-0.15187223453403978,26.0,41.0,ABalappapa,ABalappap
-107.07281816889878,12.684754017224543,-0.3945343505749954,26.0,38.0,ABalappapp,ABalappap
-27.571392629899336,3.8740697585048216,-0.6889570593072024,31.0,55.0,ABalappp,ABalapp
-70.03981597484707,4.3955201069368774,-0.14941002097967576,26.0,48.0,ABalapppa,ABalappp
-106.70118484790949,5.1080122518887,0.09782500206179875,26.0,40.0,ABalapppaa,ABalapppa
-87.55748983324675,12.603613424909229,-0.1581867281434797,26.0,40.0,ABalapppap,ABalapppa
-34.613354935886036,12.33975711992389,-0.8354814495511046,26.0,48.0,ABalapppp,ABalappp
-71.03457139850651,24.21069356170561,-0.42053159281758057,26.0,41.0,ABalappppa,ABalapppp
-44.289585725154076,25.3109800946569,-0.5606462059980962,26.0,43.0,ABalappppp,ABalapppp
-94.88353789757844,-27.283584789738768,0.6474902485621028,39.0,79.0,ABalp,ABal
-110.04913787541348,-27.74952001263518,0.7491110614621113,35.0,73.0,ABalpa,ABalp
-123.35308678676896,-18.437695463463943,-0.04740590998275937,41.0,61.0,ABalpaa,ABalpa
-127.02682686447426,-28.010706821819117,-0.0801778319800453,29.0,54.0,ABalpaaa,ABalpaa
-111.9993747983765,-6.5616752712143835,0.33315300423040783,26.0,46.0,ABalpaaaa,ABalpaaa
-93.95127998793323,-9.65679041650914,0.809423130601567,24.0,38.0,ABalpaaaaa,ABalpaaaa
-73.98181433907826,-11.691141561547308,0.7040796191511857,26.0,38.0,ABalpaaaap,ABalpaaaa
-95.72610532109407,-15.433702048026802,0.5001965165505902,26.0,46.0,ABalpaaap,ABalpaaa
-67.85043627559895,-9.874921622386431,0.6960787008248353,26.0,39.0,ABalpaaapa,ABalpaaap
-50.030887403418504,-11.307252449454099,0.6599884752609254,26.0,38.0,ABalpaaapp,ABalpaaap
-115.74199851452963,-23.29664259147582,-0.361314782884438,30.0,55.0,ABalpaap,ABalpaa
-122.36603825765333,-19.571548686229242,-0.13612394318978163,24.0,50.0,ABalpaapa,ABalpaap
-106.28953762609753,-16.80700001981886,1.0305317398973364,26.0,43.0,ABalpaapaa,ABalpaapa
-89.86955122715696,-22.979679786453314,0.3730135753245174,26.0,45.0,ABalpaapap,ABalpaapa
-91.90306785454632,-25.186199817875153,-0.15577092323531527,30.0,49.0,ABalpaapp,ABalpaap
-87.30338207292806,-31.63191859242346,-0.07663816596901502,26.0,41.0,ABalpaappa,ABalpaapp
-64.5123372968087,-32.81400814466227,-0.14469786746155186,26.0,40.0,ABalpaappp,ABalpaapp
-93.89277459371897,-42.94203590255179,0.6122399526629174,37.0,65.0,ABalpap,ABalpa
-125.55731184602791,-45.32292023162629,0.5902266429344443,30.0,57.0,ABalpapa,ABalpap
-103.42620760046285,-28.54182595217642,0.27977717113855066,26.0,48.0,ABalpapaa,ABalpapa
-69.61163274503342,-35.524316849584864,-0.245372753898931,26.0,39.0,ABalpapaaa,ABalpapaa
-51.760701068014775,-31.365931756417158,-0.3599690271908564,24.0,40.0,ABalpapaap,ABalpapaa
-79.17374454627564,-30.440654135487364,0.4553518837822292,26.0,48.0,ABalpapap,ABalpapa
-43.75751879671656,-39.273626718459944,0.18374694551062407,26.0,40.0,ABalpapapa,ABalpapap
-21.64640768560545,-34.3754785703118,0.29177163686864804,26.0,40.0,ABalpapapp,ABalpapap
-88.86657886850294,-43.69845809936162,0.5608364418226973,35.0,57.0,ABalpapp,ABalpap
-76.04227456697959,-28.10575232232468,0.4476224151831951,28.0,49.0,ABalpappa,ABalpapp
-57.480975586840025,-29.569305730805624,0.5297963282266732,24.0,45.0,ABalpappaa,ABalpappa
-41.71043366360992,-24.048992034147847,0.5189168134761906,26.0,45.0,ABalpappap,ABalpappa
-50.785745910066986,-23.707265010690126,0.4903956387543849,26.0,49.0,ABalpappp,ABalpapp
-44.295173117704216,-26.870015607348837,-0.014481449551105072,26.0,45.0,ABalpapppa,ABalpappp
-20.416157573662762,-21.67417363843692,-0.16580528374799583,26.0,46.0,ABalpapppp,ABalpappp
-66.94688985590165,-14.805219470009781,-0.12712308045239198,35.0,73.0,ABalpp,ABalp
-83.70644072333802,-21.151952227067145,-0.48115046363561176,34.0,62.0,ABalppa,ABalpp
-117.45033282286391,-28.462884157717387,-0.16385368542334086,34.0,53.0,ABalppaa,ABalppa
-113.61455213269352,-27.364335735828504,0.006065659656603917,26.0,46.0,ABalppaaa,ABalppaa
-120.89161663234854,-29.65310138140741,-0.09199818595277841,24.0,36.0,ABalppaaaa,ABalppaaa
-110.46902249008912,-38.55686707178401,-0.24429944118290384,26.0,38.0,ABalppaaap,ABalppaaa
-98.44952094379117,-35.15164604213144,-0.2105901452032787,26.0,46.0,ABalppaap,ABalppaa
-99.82240889006192,-45.11576763986919,-0.726355433290942,24.0,38.0,ABalppaapa,ABalppaap
-86.1069617355904,-48.12796276182039,-0.5950546202828122,26.0,38.0,ABalppaapp,ABalppaap
-96.49892687145798,-29.350954045787272,0.25820473663508153,33.0,55.0,ABalppap,ABalppa
-83.62739020777352,-34.857088355616725,0.18980146037961118,28.0,48.0,ABalppapa,ABalppap
-78.70482729637858,-42.229518489193225,-0.39368750142430303,26.0,39.0,ABalppapaa,ABalppapa
-59.68177254133535,-47.39954730763703,-0.11501314983928933,26.0,40.0,ABalppapap,ABalppapa
-58.31974524484358,-31.311048614683795,0.028497768052807203,26.0,47.0,ABalppapp,ABalppap
-55.86107608266377,-44.370736631607606,-0.6902456004945006,26.0,41.0,ABalppappa,ABalppapp
-32.47024050314896,-47.5162891922545,-0.4247469482033959,26.0,42.0,ABalppappp,ABalppapp
-49.85258052511163,-30.33473782957106,0.17350003193037683,38.0,60.0,ABalppp,ABalpp
-81.7108874034185,-23.946801321634545,-0.23541002097967612,30.0,56.0,ABalpppa,ABalppp
-97.89933978437088,-25.53751560734884,-0.586314782884438,26.0,48.0,ABalpppaa,ABalpppa
-102.26369163622275,-43.154939849773086,-0.6431329647026198,26.0,38.0,ABalpppaaa,ABalpppaa
-94.44214281467393,-42.25931695415019,-0.5219208434904986,26.0,38.0,ABalpppaap,ABalpppaa
-80.17811429417482,-30.856045019113537,-0.9653932142569872,26.0,47.0,ABalpppap,ABalpppa
-79.96108220861332,-47.784674698257916,-0.9529814495511048,26.0,40.0,ABalpppapa,ABalpppap
-67.95540039043148,-50.35569742553064,-1.0163337222783775,26.0,41.0,ABalpppapp,ABalpppap
-50.99909161300202,-27.733832221768896,-0.3659124840338633,30.0,56.0,ABalpppp,ABalppp
-65.20535010885466,-22.71782534186211,-0.7636009185776532,30.0,49.0,ABalppppa,ABalpppp
-78.07663379186152,-34.611953809596045,-0.7821949326971721,26.0,41.0,ABalppppaa,ABalppppa
-62.59348772444578,-38.21869538262975,-0.7819140338207675,24.0,41.0,ABalppppap,ABalppppa
-35.13560132929111,-23.48430402044708,-1.1539260339339763,28.0,48.0,ABalppppp,ABalpppp
-49.36804416393293,-44.99524066817608,-0.8007308412785987,26.0,42.0,ABalpppppa,ABalppppp
-27.240247009329835,-41.60217077976263,-1.121577508664405,26.0,41.0,ABalpppppp,ABalppppp
-45.491441774420636,21.691962004591467,1.3526155653742682,38.0,88.0,ABar,ABa
-34.93872150480099,7.958452134586649,1.1591153246424435,34.0,79.0,ABara,ABar
-65.9203867929179,-4.288583983417212,1.7126168410471854,31.0,73.0,ABaraa,ABara
-82.3050322726338,-1.2082902552361594,1.1195537617165008,37.0,66.0,ABaraaa,ABaraa
-94.16864250545933,-10.205882954287613,1.4064573259590996,34.0,55.0,ABaraaaa,ABaraaa
-116.25609014827192,-2.329546175034426,1.4969093801432185,26.0,47.0,ABaraaaaa,ABaraaaa
-100.26577236864054,-15.287047442554828,1.313217052321555,26.0,39.0,ABaraaaaaa,ABaraaaaa
-85.02607199410873,-1.2570848957383505,1.13419083509309,26.0,39.0,ABaraaaaap,ABaraaaaa
-96.7691252135126,-2.33966131593167,1.5045534805886158,26.0,47.0,ABaraaaap,ABaraaaa
-89.32106597484709,-1.9169798930631228,1.32380426473461,26.0,38.0,ABaraaaapa,ABaraaaap
-81.95053026056137,-4.251801321634551,0.6322864075917527,26.0,38.0,ABaraaaapp,ABaraaaap
-59.22032839720733,-0.837981445858153,1.0241924634923738,33.0,55.0,ABaraaap,ABaraaa
-85.15276805441307,7.958370468600531,1.3130312086767435,26.0,49.0,ABaraaapa,ABaraaap
-86.21517311770424,-4.347515607348837,0.6417685504488947,26.0,45.0,ABaraaapaa,ABaraaapa
-72.85177210247579,-1.2551552012574658,0.46288149461133166,26.0,45.0,ABaraaapap,ABaraaapa
-64.99464900868954,14.777211855963536,1.4284126804279307,28.0,48.0,ABaraaapp,ABaraaap
-59.21687123091176,13.977421499569404,1.086169493845122,26.0,41.0,ABaraaappa,ABaraaapp
-43.493600790660196,20.901949801456198,1.0622701227759397,26.0,41.0,ABaraaappp,ABaraaapp
-54.140007066043694,-17.370080182994595,1.7365941962053526,39.0,63.0,ABaraap,ABaraa
-74.47986699525524,-17.95624738577449,1.877266363859974,34.0,56.0,ABaraapa,ABaraap
-91.66471334758928,-20.211366182061482,1.1644323435523436,26.0,49.0,ABaraapaa,ABaraapa
-91.01790039043149,-21.455129243712474,0.9785526413579859,26.0,41.0,ABaraapaaa,ABaraapaa
-71.70813608066719,-21.633313328146556,0.30022367865402366,26.0,45.0,ABaraapaap,ABaraapaa
-66.26449678920181,-14.219278892372992,0.9601828016566243,28.0,49.0,ABaraapap,ABaraapa
-56.75857794344149,-27.4058131944802,0.24976653972503476,26.0,42.0,ABaraapapa,ABaraapap
-37.383242822798046,-21.145759575177255,-0.36283399646799464,26.0,42.0,ABaraapapp,ABaraapap
-35.61712433721641,-17.08934487564152,2.053420989473285,34.0,56.0,ABaraapp,ABaraap
-59.665808038339144,-11.375100641362442,1.1189573259591,26.0,52.0,ABaraappa,ABaraapp
-81.09974375482332,-4.422210898207562,-0.2506961309915478,26.0,41.0,ABaraappaa,ABaraappa
-61.46539472435243,-4.990077934218642,0.19639528175083423,26.0,45.0,ABaraappap,ABaraappa
-31.16048634276222,-9.951958762801274,1.2736426803792893,26.0,49.0,ABaraappp,ABaraapp
-44.373899404967084,-3.248558967782441,0.5373302035654263,24.0,45.0,ABaraapppa,ABaraappp
-25.0497553279468,-0.6968821841682443,0.4278136986968738,26.0,43.0,ABaraapppp,ABaraappp
-13.258216595965084,7.735310479607688,0.9381055069706343,33.0,73.0,ABarap,ABara
-37.773846952829665,13.288201238529302,0.14191102356717444,32.0,65.0,ABarapa,ABarap
-42.18994055956468,11.543879741488372,0.8836464574256397,31.0,55.0,ABarapaa,ABarapa
-69.19496391268328,-4.502473766344651,1.4519348684405267,26.0,48.0,ABarapaaa,ABarapaa
-60.45569943349369,-11.721726133664626,1.636492234659422,26.0,40.0,ABarapaaaa,ABarapaaa
-45.353725749283164,-4.106594554717258,1.9822159188699484,26.0,42.0,ABarapaaap,ABarapaaa
-51.37826664288408,0.6918009394137532,1.683769149969279,26.0,48.0,ABarapaap,ABarapaa
-55.35887174784122,-6.093337525157056,0.9621555367502651,24.0,43.0,ABarapaapa,ABarapaap
-38.47120051496449,-2.2248443744721245,1.2040733449694434,26.0,45.0,ABarapaapp,ABarapaap
-10.329300101831198,9.268436773603545,1.1063042647346095,34.0,57.0,ABarapap,ABarapa
-34.11383671217426,2.993014346568214,1.7950600251032733,26.0,49.0,ABarapapa,ABarapap
-37.88840919197477,-7.517290143157855,1.5582254470006192,24.0,43.0,ABarapapaa,ABarapapa
-21.315464894892543,-9.631348498595521,1.6486763753825824,24.0,45.0,ABarapapap,ABarapapa
-10.90306785454632,-1.7170268855443236,1.6750260692458872,26.0,49.0,ABarapapp,ABarapap
-26.08497894294694,-1.854263180164371,1.5836690358857888,26.0,45.0,ABarapappa,ABarapapp
-4.412660802433278,-4.055372750205978,1.2353190430597327,26.0,45.0,ABarapappp,ABarapapp
3.6534033947513036,-0.6100245041459896,1.0627658814097491,33.0,65.0,ABarapp,ABarap
5.781437526553489,14.30597178760915,0.8535311554909123,30.0,56.0,ABarappa,ABarapp
-28.95975645103755,14.160401059317833,1.362226883782229,26.0,51.0,ABarappaa,ABarappa
-24.24691527798296,12.84009763306928,1.649718898880952,24.0,38.0,ABarappaaa,ABarappaa
-10.908936183906306,5.411526204497853,1.2936213379053414,24.0,38.0,ABarappaap,ABarappaa
-0.9181221199215077,14.038703904846288,1.3955218763912451,26.0,47.0,ABarappap,ABarappa
-8.485679446818137,25.38178819011952,1.434993233993199,24.0,42.0,ABarappapa,ABarappap
10.283307894954016,24.98305401290433,1.4204362719678827,24.0,38.0,ABarappapp,ABarappap
28.059780442667304,9.920301730112467,0.8070030705727345,31.0,56.0,ABarappp,ABarapp
-27.054223890331144,23.716623465498852,1.1779788153495574,29.0,48.0,ABarapppa,ABarappp
-40.24229955448583,18.705300484605186,0.5050645274603898,24.0,41.0,ABarapppaa,ABarapppa
-25.147471968278925,24.098978645524724,1.2875357918282058,26.0,42.0,ABarapppap,ABarapppa
-1.561023933555029,24.54669185185863,0.9025546809850261,29.0,52.0,ABarapppp,ABarappp
-22.376893547811736,34.1466241775974,0.7448680128144868,26.0,43.0,ABarappppa,ABarapppp
-3.312377418779482,37.55522632813504,1.1198680128144867,26.0,43.0,ABarappppp,ABarapppp
-8.776818687324466,42.9039400888537,-0.4273485381586997,36.0,79.0,ABarp,ABar
-39.338534113554836,45.53561717273414,-0.1283963873104409,28.0,73.0,ABarpa,ABarp
-54.90532936770421,38.25545314265116,0.12748730044889545,39.0,60.0,ABarpaa,ABarpa
-72.99151458111886,29.382606343870677,-0.2589570593072023,30.0,57.0,ABarpaaa,ABarpaa
-98.67221174431367,3.4522912596039528,-0.7505136383923063,28.0,47.0,ABarpaaaa,ABarpaaa
-103.98069435322547,7.6087199138866835,-1.1913019128715678,26.0,38.0,ABarpaaaaa,ABarpaaaa
-91.46331983585092,3.948488253655025,-1.6341590557287105,26.0,38.0,ABarpaaaap,ABarpaaaa
-72.15777474372047,7.048866506472301,-0.5076562462990722,27.0,45.0,ABarpaaap,ABarpaaa
-73.44903577864844,9.877183963466614,-1.6846338100661253,26.0,37.0,ABarpaaapa,ABarpaaap
-58.87822032800464,12.490917869046013,-1.7966509774481003,24.0,36.0,ABarpaaapp,ABarpaaap
-38.34638157691871,39.755158108663245,-0.519522235049594,32.0,57.0,ABarpaap,ABarpaa
-46.865543488074586,11.909243651910423,-1.3085370051066603,28.0,50.0,ABarpaapa,ABarpaap
-49.73710860157517,13.907376865769443,-1.42448682589519,26.0,41.0,ABarpaapaa,ABarpaapa
-23.34732365533862,7.864366113081271,-1.5795943527769112,26.0,41.0,ABarpaapap,ABarpaapa
-4.9316533041844,21.357880663047435,-1.399077020646676,28.0,50.0,ABarpaapp,ABarpaap
-1.2278397843708808,22.81815105931783,-1.4565147828844371,26.0,41.0,ABarpaappa,ABarpaapp
24.486826882295787,12.399484392651162,-1.6018481162177713,26.0,41.0,ABarpaappp,ABarpaapp
-23.647059910157044,19.64974854359456,0.10862232403380102,38.0,60.0,ABarpap,ABarpa
-33.385752827849146,21.017919175259863,-0.39174956549313367,31.0,55.0,ABarpapa,ABarpap
-77.72429629098187,22.087484392651163,-0.7780858336847155,26.0,48.0,ABarpapaa,ABarpapa
-85.1425241110817,22.22324598205514,-0.7279814495511043,24.0,39.0,ABarpapaaa,ABarpapaa
-64.10941152830024,32.772914856227324,-0.8256635687564028,24.0,39.0,ABarpapaap,ABarpapaa
-49.36039510501923,22.905666210832987,-0.8892922317921195,26.0,48.0,ABarpapap,ABarpapa
-58.08608220861331,25.947874003040774,-0.9679165144861697,24.0,38.0,ABarpapapa,ABarpapap
-33.836082208613306,25.10371815888493,-1.0494100209796766,26.0,39.0,ABarpapapp,ABarpapap
3.853117480586384,25.5233818285486,-0.5601751817448368,32.0,55.0,ABarpapp,ABarpap
-22.51455296266545,38.011902997302336,-0.5605395890859884,26.0,48.0,ABarpappa,ABarpapp
-44.54440091693201,40.47358477875155,-1.0484447700144248,24.0,36.0,ABarpappaa,ABarpappa
-23.976833349364444,41.53922184438862,-0.9268231483928032,24.0,38.0,ABarpappap,ABarpappa
3.8617383293800196,37.91037856111769,-0.5854328534387937,26.0,48.0,ABarpappp,ABarpapp
-8.382993630524725,55.41120234136911,-0.42285324442289973,26.0,39.0,ABarpapppa,ABarpappp
9.66187816434707,53.05863823880501,-0.24945580852546337,26.0,39.0,ABarpapppp,ABarpappp
21.219393811429644,45.1701615580055,-0.5023908983700026,30.0,73.0,ABarpp,ABarp
-4.638302888696581,42.392827904101544,-0.592866945734311,34.0,59.0,ABarppa,ABarpp
-9.640461075819397,35.43565193191818,-0.7918557951008429,33.0,59.0,ABarppaa,ABarppa
-2.701694856834647,3.293533541989539,-1.7219323002127302,28.0,45.0,ABarppaaa,ABarppaa
6.399271326740233,7.720817725984499,-3.6094629310325863,24.0,37.0,ABarppaaaa,ABarppaaa
25.59927132674023,11.120817725984498,-3.4227962643659198,24.0,38.0,ABarppaaap,ABarppaaa
29.41028906716974,0.8017701069368782,-1.947729348710769,24.0,48.0,ABarppaap,ABarppaa
40.552040504586806,1.6107042068926503,-3.0109535857740144,24.0,38.0,ABarppaapa,ABarppaap
65.51798477703264,-1.7081812420237585,-2.6614179820588446,26.0,38.0,ABarppaapp,ABarppaap
24.165083292552197,28.810561315728087,-1.1733660649357198,28.0,56.0,ABarppap,ABarppa
51.605380387830834,-8.01768165900935,-1.87263089604557,26.0,47.0,ABarppapa,ABarppap
38.2427786895247,-10.378379061164097,-2.821154140314157,26.0,36.0,ABarppapaa,ABarppapa
64.9576381272757,-13.133399141485386,-2.3404312487478913,26.0,38.0,ABarppapap,ABarppapa
89.79732236150012,-2.049947795413936,-1.1731894061514665,29.0,47.0,ABarppapp,ABarppap
85.96491091590923,-2.3494903972648005,-2.473779768878836,26.0,36.0,ABarppappa,ABarppapp
113.56154957137143,-0.7738601451639602,-1.2725192646771548,26.0,36.0,ABarppappp,ABarppapp
40.6055731509525,37.49046946727803,-0.45671279283468674,34.0,59.0,ABarppp,ABarpp
38.583631230121874,36.27770178395551,-0.6931988408554525,32.0,55.0,ABarpppa,ABarppp
18.412823028731243,36.2358466277186,-0.9998504283564995,28.0,48.0,ABarpppaa,ABarpppa
9.97704910451801,21.25415105931783,-3.0911758939955494,24.0,36.0,ABarpppaaa,ABarpppaa
30.765243548962456,23.83401217042894,-2.327981449551105,26.0,38.0,ABarpppaap,ABarpppaa
47.04038951499218,31.416571441483434,-1.050062128956625,26.0,48.0,ABarpppap,ABarpppa
41.653636406105306,21.54879391646069,-2.8244100209796765,24.0,38.0,ABarpppapa,ABarpppap
71.14173164420055,26.709508202174977,-2.018755259074914,24.0,38.0,ABarpppapp,ABarpppap
72.35586315172584,33.9942201439465,-1.1316083925562856,31.0,55.0,ABarpppp,ABarppp
66.94375818000572,33.509240117842005,-0.8525997701617914,26.0,47.0,ABarppppa,ABarpppp
50.926524995503335,28.879937222839843,-1.4898682420039344,26.0,38.0,ABarppppaa,ABarppppa
81.06614763701276,26.079937222839842,-0.921188996720916,26.0,38.0,ABarppppap,ABarppppa
105.93279298399071,34.629857274007094,-0.4161170427714436,28.0,47.0,ABarppppp,ABarpppp
100.336222231133,25.73864718334884,-1.3543380386983912,26.0,37.0,ABarpppppa,ABarppppp
130.59978812260584,22.55260067172093,-0.16170237978366264,26.0,36.0,ABarpppppp,ABarppppp
13.624392099687087,17.870093088303342,0.4513663765358517,38.0,96.0,ABp,AB
2.3127978967885414,0.9715423636656558,-1.443923478536612,46.0,87.0,ABpl,ABp
-55.55438364401999,17.390115971598533,-1.2069288179721571,38.0,78.0,ABpla,ABpl
-75.84517311770422,27.513571349172906,-0.6979814495511047,30.0,73.0,ABplaa,ABpla
-85.49334830018597,23.134929648125617,-0.5228719605000097,34.0,60.0,ABplaaa,ABplaa
-106.51106907146143,7.8447098261771755,-0.13058260562046883,34.0,56.0,ABplaaaa,ABplaaa
-101.54641535372905,-18.051231963456498,-0.9805694412695313,26.0,50.0,ABplaaaaa,ABplaaaa
-98.1418397843709,-16.81584894068217,-1.0736481162177716,26.0,38.0,ABplaaaaaa,ABplaaaaa
-75.25517311770423,-19.679182274015503,-1.2956481162177709,30.0,40.0,ABplaaaaap,ABplaaaaa
-76.43896326759716,-12.55919654953299,-1.2140628200007841,25.0,50.0,ABplaaaap,ABplaaaa
-55.13757818099536,-10.634034594690608,-1.839373854614396,24.0,39.0,ABplaaaapa,ABplaaaap
-35.07745159871687,-8.830237126336177,-1.7222852470194592,26.0,39.0,ABplaaaapp,ABplaaaap
-71.8129697278737,16.683529590391277,-1.0279814495511046,34.0,56.0,ABplaaap,ABplaaa
-48.3160392594365,-15.03849985931734,-1.041564126716459,26.0,48.0,ABplaaapa,ABplaaap
-40.505472743172376,-18.803901375139098,-0.9324758315735767,24.0,38.0,ABplaaapaa,ABplaaapa
-25.269517686992604,-22.328245944427486,-1.2781687154687076,26.0,38.0,ABplaaapap,ABplaaapa
-21.711389333920426,-10.734587679420908,-1.4809093774790325,28.0,48.0,ABplaaapp,ABplaaap
-9.008012996858291,-22.773542797681163,-1.0524527486447603,26.0,38.0,ABplaaappa,ABplaaapp
8.137002108881891,-21.24484189133675,-1.2929361323305604,26.0,40.0,ABplaaappp,ABplaaapp
-64.99232140667759,5.437294278582724,-0.8553578754066178,34.0,62.0,ABplaap,ABplaa
-94.9908874034185,-1.149658464491692,-0.6082671638368192,28.0,56.0,ABplaapa,ABplaap
-88.50466678859028,-20.72053248498595,-1.0752388335173493,28.0,51.0,ABplaapaa,ABplaapa
-93.19454020631181,-26.21631307570327,-1.1507662596776869,26.0,39.0,ABplaapaaa,ABplaapaa
-73.22618577593207,-29.922009278234913,-1.4637409432219903,26.0,40.0,ABplaapaap,ABplaapaa
-53.77541069869774,-22.36823914946547,-1.192992248687174,27.0,51.0,ABplaapap,ABplaapa
-58.323154769080354,-30.316185332119474,-1.2848621834960585,26.0,41.0,ABplaapapa,ABplaapap
-38.86749727672562,-32.51496209052926,-1.2506114189700648,26.0,40.0,ABplaapapp,ABplaapap
-52.529788502319605,-0.7186694535026814,-1.224904526474182,32.0,57.0,ABplaapp,ABplaap
-26.135515170018095,-25.23243512445144,-1.5167138439173014,26.0,51.0,ABplaappa,ABplaapp
-34.704292614559556,-58.39050302873249,-1.0415034621297208,26.0,37.0,ABplaappaa,ABplaappa
-13.286053620848868,-54.80245271426708,-0.9830128960919846,26.0,41.0,ABplaappap,ABplaappa
3.9066125965815024,-28.720551321634527,-1.3496332352653904,34.0,51.0,ABplaappp,ABplaapp
5.159459034884344,-55.23404149290742,-1.180842484973448,24.0,41.0,ABplaapppa,ABplaappp
27.941475383658187,-55.373006070564095,-0.9789351280252191,28.0,41.0,ABplaapppp,ABplaappp
-17.50961756214866,22.980817725984497,-1.0693147828844376,34.0,71.0,ABplap,ABpla
-30.188782140260603,29.94838664829026,-1.1242220510548642,34.0,60.0,ABplapa,ABplap
-39.872890509008556,21.685310479607683,-1.4869488408554523,30.0,56.0,ABplapaa,ABplapa
-7.8739940784029026,-13.694174995995127,-1.557239091472502,28.0,48.0,ABplapaaa,ABplapaa
-4.033582821208256,-13.233270324329968,-1.8457712069635037,26.0,41.0,ABplapaaaa,ABplapaaa
18.214395615449426,-9.497421267726194,-2.0778466786616163,26.0,41.0,ABplapaaap,ABplapaaa
23.30994499253201,-17.770783323884263,-1.5726664889211839,28.0,50.0,ABplapaap,ABplapaa
29.609967069211674,-12.622795981180616,-1.8803178981492354,24.0,38.0,ABplapaapa,ABplapaap
51.05856520005279,-17.10877728959183,-1.5843677423859954,28.0,38.0,ABplapaapp,ABplapaap
-7.043045458129744,23.835204757392805,-1.5194708112532325,30.0,56.0,ABplapap,ABplapa
47.34287719676119,-13.5666036576633,-1.5728451812072894,28.0,51.0,ABplapapa,ABplapap
100.56940488741088,-16.135022001210725,-1.5290044674539178,24.0,41.0,ABplapapaa,ABplapapa
116.74076038613212,-12.12990691169666,-0.9379558741035343,26.0,41.0,ABplapapap,ABplapapa
77.8846237220249,-13.318836149109558,-1.62278957596194,26.0,51.0,ABplapapp,ABplapap
123.9724739411193,-10.112515607348833,-0.9679814495511048,26.0,41.0,ABplapappa,ABplapapp
130.85482688229578,-10.326633254407655,-0.4468049789628693,24.0,42.0,ABplapappp,ABplapapp
-4.77801983303268,8.56193694739569,-1.4830909386021998,36.0,62.0,ABplapp,ABplap
-11.228689601220697,2.719352524519296,-1.3513330979027531,32.0,57.0,ABplappa,ABplapp
34.86443022258806,-26.682870513403117,-1.1605492992379522,26.0,48.0,ABplappaa,ABplappa
54.014942489232205,-30.057024277869075,-0.610640409088677,26.0,40.0,ABplappaaa,ABplappaa
76.99471127535936,-26.788238150701446,-0.34243231660312773,26.0,41.0,ABplappaap,ABplappaa
66.20630367554472,-26.161460755028155,-1.2328337702262102,26.0,48.0,ABplappap,ABplappa
79.55967018713908,-23.41678911162234,-1.4758446974143524,26.0,37.0,ABplappapa,ABplappap
100.1693567968257,-19.448128142961373,-0.6775540991237543,26.0,39.0,ABplappapp,ABplappap
25.35327247815071,-5.816660685069044,-1.3502612422972182,34.0,56.0,ABplappp,ABplapp
76.03751918998809,-24.704823299656514,-0.9187506803203354,26.0,45.0,ABplapppa,ABplappp
85.72832511551132,-20.4354838052287,0.23244257871744664,24.0,38.0,ABplapppaa,ABplapppa
97.06801369548259,-18.897863592696822,0.7921650705954155,24.0,38.0,ABplapppap,ABplapppa
98.59978812260586,-24.23034506471317,-0.90259385265188,26.0,46.0,ABplapppp,ABplappp
119.09454813665118,-11.048404109090997,0.4709732542816481,24.0,38.0,ABplappppa,ABplapppp
123.03879900773133,-4.511818743237336,1.671670118393146,24.0,38.0,ABplappppp,ABplapppp
2.087084946811917,-16.112515607348836,-0.2473362882607823,34.0,78.0,ABplp,ABpl
-10.986698541433027,-20.590481709043768,-0.13476111056805382,33.0,73.0,ABplpa,ABplp
-20.850627663158757,-20.65797015280338,-0.6392541768238321,35.0,58.0,ABplpaa,ABplpa
-85.1259870711926,-31.41251560734884,-0.5308884262952909,33.0,54.0,ABplpaaa,ABplpaa
-76.79829090061416,-35.750852789796866,-0.7556950754171555,30.0,47.0,ABplpaaaa,ABplpaaa
-60.10482224051124,-39.42421151378159,-0.5633615665101689,26.0,43.0,ABplpaaaaa,ABplpaaaa
-41.82119650951707,-43.12011794653013,-0.31628554311835577,26.0,40.0,ABplpaaaap,ABplpaaaa
-53.88287063463424,-39.70935533646847,-0.5821575217858675,26.0,48.0,ABplpaaap,ABplpaaa
-39.6638478164994,-54.08119030614402,-0.5782826543703817,24.0,41.0,ABplpaaapa,ABplpaaap
-31.904811671921085,-55.30709392060186,-0.6746681965390562,26.0,40.0,ABplpaaapp,ABplpaaap
-54.43978389614733,-27.172994649265004,-0.4767838447606852,32.0,56.0,ABplpaap,ABplpaa
-54.75166662419773,-42.3822125770458,-1.1284143499840051,27.0,48.0,ABplpaapa,ABplpaap
-58.872108102224345,-46.24688093242623,-0.8251950718421264,26.0,40.0,ABplpaapaa,ABplpaapa
-41.779228845258395,-47.438831396822515,-0.9351021925851606,26.0,40.0,ABplpaapap,ABplpaapa
-25.33121962933212,-36.154376072465105,-0.9321674960627325,26.0,48.0,ABplpaapp,ABplpaap
-22.319821005028157,-49.605473353827705,-1.1229110270158935,26.0,41.0,ABplpaappa,ABplpaapp
-7.094468892352101,-49.05617757917982,-0.9575589143398372,26.0,41.0,ABplpaappp,ABplpaapp
19.524199576022724,-32.023216714359904,0.262055450817899,35.0,62.0,ABplpap,ABplpa
-49.44605288310011,-40.78934845192362,-0.04587001260095801,31.0,56.0,ABplpapa,ABplpap
-41.32918951114683,-33.668663148332435,-0.12019456430520312,26.0,48.0,ABplpapaa,ABplpapa
-23.687349988452514,-35.10979451891346,0.25229065929243294,26.0,38.0,ABplpapaaa,ABplpapaa
-6.330207131309655,-35.25605302231482,0.18664440078903152,26.0,38.0,ABplpapaap,ABplpapaa
-21.29667526362696,-34.70221517816428,0.008499237144174403,26.0,48.0,ABplpapap,ABplpapa
-2.751502231628264,-36.29859155671593,0.2932210820944653,26.0,43.0,ABplpapapa,ABplpapap
19.954193970903383,-31.35238902507036,0.7552463985501607,24.0,40.0,ABplpapapp,ABplpapap
-6.669223750615606,-37.368211809880485,0.0796134871577561,32.0,55.0,ABplpapp,ABplpap
-7.061332368289692,-34.120946520697785,0.23618716871587458,29.0,49.0,ABplpappa,ABplpapp
-6.919315597915293,-30.587977348773638,0.5696438802641982,24.0,45.0,ABplpappaa,ABplpappa
15.127505927388626,-28.557077941566348,1.2489416273719722,24.0,42.0,ABplpappap,ABplpappa
23.259019754413185,-34.92299778764234,0.228412680427931,26.0,53.0,ABplpappp,ABplpapp
23.488160215629122,-21.6700913649246,1.2680791565095013,24.0,39.0,ABplpapppa,ABplpappp
51.41543294290186,-15.421606516439745,1.6114124898428341,24.0,40.0,ABplpapppp,ABplpappp
37.48116433085546,-14.863132891299461,-0.43785799276098153,33.0,73.0,ABplpp,ABplp
25.178702314821738,-2.2827578218817055,-0.66673577481062,34.0,60.0,ABplppa,ABplpp
-26.97073702747865,-25.108004329153346,-0.568081700177671,30.0,52.0,ABplppaa,ABplppa
-14.571520423093435,-44.94245572710931,-0.656923565319568,26.0,45.0,ABplppaaa,ABplppaa
-16.103758976290074,-36.74079843563169,0.29777612620647087,26.0,38.0,ABplppaaaa,ABplppaaa
-4.881536754067849,-45.0488792437125,0.08666501509535987,24.0,37.0,ABplppaaap,ABplppaaa
8.692056319525223,-40.04455023938346,-0.1615312331008882,26.0,46.0,ABplppaap,ABplppaa
15.630354308456123,-39.19943543857247,0.4045080019256884,26.0,39.0,ABplppaapa,ABplppaap
35.88773827470085,-37.79015273815053,0.3488117993940431,26.0,39.0,ABplppaapp,ABplppaap
2.4853824378513436,-18.57640449623773,-0.5852036717733269,28.0,53.0,ABplppap,ABplppa
17.396154505422125,-33.03885393711329,-0.7033561818851518,26.0,46.0,ABplppapa,ABplppap
7.8636829708566705,-59.4549510317031,-0.45159768571346626,26.0,38.0,ABplppapaa,ABplppapa
28.439328727314237,-60.764914131334095,-0.47447591449575405,26.0,38.0,ABplppapap,ABplppapa
45.37647636683186,-36.0217939578643,-0.9100433052212078,26.0,47.0,ABplppapp,ABplppap
43.21925375976614,-46.73464999470062,0.07873791803782812,26.0,38.0,ABplppappa,ABplppapp
62.602652969252304,-42.16548003422631,0.2965244793026506,26.0,38.0,ABplppappp,ABplppapp
59.29846324593215,-20.25797015280338,0.06438218681253188,34.0,60.0,ABplppp,ABplpp
22.124392099687093,-29.12990691169666,-0.0334886959279162,30.0,53.0,ABplpppa,ABplppp
38.91421552858399,-35.9758343846414,-0.627763108939751,26.0,47.0,ABplpppaa,ABplpppa
46.5104903127165,-42.381771270779254,0.4940250229408052,26.0,40.0,ABplpppaaa,ABplpppaa
68.15126701174563,-37.77659327725174,0.7674878061123259,24.0,40.0,ABplpppaap,ABplpppaa
68.17113589517132,-32.796635779022644,-0.6226166426841521,30.0,47.0,ABplpppap,ABplpppa
81.60034183246191,-28.816170092398668,1.1145434673924168,26.0,41.0,ABplpppapa,ABplpppap
92.17177040389048,-18.560356138910297,1.3211879856648419,24.0,41.0,ABplpppapp,ABplpppap
52.45362206301868,-27.141431269999437,0.052139032376606234,31.0,53.0,ABplpppp,ABplppp
43.985420489601715,-31.996990493193586,-0.0021823627931142203,26.0,48.0,ABplppppa,ABplpppp
38.038452613289934,-34.55579046115,1.0179249831974335,24.0,45.0,ABplppppaa,ABplppppa
58.15541167761743,-29.95637525647164,1.1807904802734568,24.0,41.0,ABplppppap,ABplppppa
67.31948205470958,-24.921136297004,0.506070274586826,26.0,48.0,ABplppppp,ABplpppp
70.17254840128312,-18.346059911146305,0.9976514618413004,24.0,40.0,ABplpppppa,ABplppppp
83.89090283166287,-12.839730797222254,1.0726514618413012,24.0,40.0,ABplpppppp,ABplppppp
60.95047905620882,13.609223523085948,1.6249171011735328,42.0,87.0,ABpr,ABp
50.22214714373369,34.5646085756577,1.2922799883573923,38.0,78.0,ABpra,ABpr
31.63910635827832,35.53289923981273,1.085118987130118,35.0,73.0,ABpraa,ABpra
3.7844436070344614,40.21640425327834,0.20372586752206606,35.0,63.0,ABpraaa,ABpraa
-19.98215228437088,30.173421892651163,0.6634248004488953,34.0,55.0,ABpraaaa,ABpraaa
-64.849895910312,32.47557474172714,0.44019103504848456,26.0,45.0,ABpraaaaa,ABpraaaa
-67.70843842382668,45.35279051510013,-0.395736551591921,26.0,38.0,ABpraaaaaa,ABpraaaaa
-58.44313230137768,55.13238235183483,-0.7087977760817168,26.0,37.0,ABpraaaaap,ABpraaaaa
-40.611370300802804,36.81753134100797,0.6302345128902098,27.0,47.0,ABpraaaap,ABpraaaa
-48.52948684319441,53.188791582193645,0.06254142626588881,24.0,40.0,ABpraaaapa,ABpraaaap
-35.745173117704205,64.33585040572306,0.01973096874954891,26.0,41.0,ABpraaaapp,ABpraaaap
12.153670812931626,39.55858265854712,0.24253878166276807,32.0,57.0,ABpraaap,ABpraaa
-54.19816457069568,33.10671516188194,0.7094117128420577,28.0,48.0,ABpraaapa,ABpraaap
-63.29153073359826,40.488146644306795,0.044203980912471456,26.0,39.0,ABpraaapaa,ABpraaapa
-49.21206053492276,47.07092810126044,-0.14884237670342262,26.0,38.0,ABpraaapap,ABpraaapa
-21.386198758729854,33.48748439265117,0.36099290942325435,28.0,48.0,ABpraaapp,ABpraaap
-35.484646801914735,49.32432649791433,0.042018550448895325,26.0,41.0,ABpraaappa,ABpraaapp
-16.42070503259783,56.36939928626819,0.09728450789570393,26.0,43.0,ABpraaappp,ABpraaapp
42.0039043730707,35.92512276903493,1.5085499157625486,35.0,65.0,ABpraap,ABpraa
34.960870838339744,42.52979208495884,0.41872184715219185,30.0,55.0,ABpraapa,ABpraap
-21.651356486574148,43.3753308745275,-0.1853375263101665,26.0,48.0,ABpraapaa,ABpraapa
-71.64149418793833,44.896848941146146,-0.7156068676113051,26.0,39.0,ABpraapaaa,ABpraapaa
-50.420758401985154,50.74300278729999,-0.5610918174440811,26.0,39.0,ABpraapaap,ABpraapaa
6.933163862602133,45.999957040353586,0.1866793819587419,27.0,48.0,ABpraapap,ABpraapa
-30.581185979440548,58.49262908718492,-0.15852807334531652,26.0,38.0,ABpraapapa,ABpraapap
-14.121378905485566,57.20967088782801,-0.47428370035496314,26.0,39.0,ABpraapapp,ABpraapap
64.68004682364476,44.60068087358958,0.277297142824262,31.0,57.0,ABpraapp,ABpraap
22.90666440647374,44.43564686847322,0.17627386959783176,26.0,48.0,ABpraappa,ABpraapp
-12.504297205295453,71.21522161892854,0.3004857037335669,26.0,37.0,ABpraappaa,ABpraappa
7.426359729011115,67.25536760432999,0.16289446285765435,26.0,38.0,ABpraappap,ABpraappa
56.52178530680345,40.652035814970645,0.5553883535123528,31.0,50.0,ABpraappp,ABpraapp
26.356623289481412,65.50664606929786,0.5561502869758416,29.0,41.0,ABpraapppa,ABpraappp
46.74285083439159,62.982693973489475,0.971120346856081,30.0,41.0,ABpraapppp,ABpraappp
81.23728302264665,38.026080883879224,0.5101764451857373,37.0,73.0,ABprap,ABpra
70.30158947222384,47.65942683869433,0.04863725548486654,35.0,68.0,ABprapa,ABprap
58.57374580121471,52.309106014272786,-0.20987334144299624,30.0,55.0,ABprapaa,ABprapa
32.94272497146776,42.34226146271486,-0.30059291451925724,26.0,48.0,ABprapaaa,ABprapaa
16.066591588178138,41.91101380441587,-0.8050402730805164,24.0,39.0,ABprapaaaa,ABprapaaa
35.68423864700167,40.89042556912176,-0.5888638024922811,26.0,38.0,ABprapaaap,ABprapaaa
59.688608072314985,43.16042105291989,0.27816058499783963,25.0,48.0,ABprapaap,ABprapaa
50.061723434019925,33.49782922023737,-0.09729179437869077,26.0,36.0,ABprapaapa,ABprapaap
73.20310274436476,29.425415427133924,0.11615648148337802,26.0,38.0,ABprapaapp,ABprapaap
97.49119051865942,53.299605604772374,-0.3401026616723169,35.0,57.0,ABprapap,ABprapa
93.47423616499621,41.505205911638505,0.045647242432017725,30.0,51.0,ABprapapa,ABprapap
112.67657754542576,35.90976555975991,0.006766561058975067,26.0,41.0,ABprapapaa,ABprapapa
129.2442168027202,29.04769659424267,0.5523899032340412,24.0,41.0,ABprapapap,ABprapapa
120.697049104518,37.28081772598449,0.18668521711556188,31.0,51.0,ABprapapp,ABprapap
135.2922333660863,23.419155215593808,0.8463327649127358,24.0,41.0,ABprapappa,ABprapapp
142.34709620897908,23.4041926220776,0.7009462312469005,26.0,42.0,ABprapappp,ABprapapp
107.36514716699328,43.518089374857574,-0.056095328554663274,35.0,61.0,ABprapp,ABprap
111.62587951387472,43.8927475505459,0.2662290767646847,38.0,57.0,ABprappa,ABprapp
81.56267396479076,42.08346024778196,0.8523002405897404,26.0,45.0,ABprappaa,ABprappa
76.12858103511971,27.582501003946845,0.5956065903160052,26.0,39.0,ABprappaaa,ABprappaa
94.64685346036887,26.692135555441862,1.1843109092528823,26.0,38.0,ABprappaap,ABprappaa
108.0482829150156,41.28380341105608,0.7619981005511447,26.0,47.0,ABprappap,ABprappa
95.39074921239288,31.52114135057997,-0.3762015142760238,26.0,37.0,ABprappapa,ABprappap
116.01534468164851,25.05835817905893,0.5749311718081186,26.0,37.0,ABprappapp,ABprappap
124.54819422923457,36.52115786203892,-0.06497124546947206,37.0,56.0,ABprappp,ABprapp
116.48501556154106,34.43088061906626,0.777867607052669,26.0,46.0,ABprapppa,ABprappp
104.44232688229577,18.903890642651163,1.5935029254488955,24.0,38.0,ABprapppaa,ABprapppa
117.87201438229575,18.814046892651163,1.941940425448895,26.0,38.0,ABprapppap,ABprapppa
126.960596113065,28.399022854189628,0.7631723966027413,30.0,46.0,ABprapppp,ABprappp
134.06614763701273,18.604465524726635,1.6293770410149333,24.0,38.0,ABprappppa,ABprapppp
135.00294718304764,11.74913852798951,2.0795373474413763,24.0,37.0,ABprappppp,ABprapppp
79.04054116801008,-3.620307815141045,1.1863042647346094,35.0,78.0,ABprp,ABpr
67.90883532111434,-10.026439657981747,1.8281366939088106,29.0,71.0,ABprpa,ABprp
80.8748985668836,21.983541740321417,0.9157461490152032,37.0,60.0,ABprpaa,ABprpa
41.63240800323974,32.948841324804555,1.0230509988264767,30.0,56.0,ABprpaaa,ABprpaa
-23.455821265852364,34.21016957783636,0.6236389208192658,29.0,48.0,ABprpaaaa,ABprpaaa
-40.782963815378636,36.04678671823257,0.1990534341698258,26.0,41.0,ABprpaaaaa,ABprpaaaa
-20.515521954913513,43.075856485674414,0.6691115737047093,26.0,42.0,ABprpaaaap,ABprpaaaa
2.805388680048596,44.15714731399948,0.6693219212354123,26.0,47.0,ABprpaaap,ABprpaaa
-18.47326979444137,52.051230616216124,0.7466409069443637,26.0,38.0,ABprpaaapa,ABprpaaap
-2.6696444167978686,53.57388922648803,1.0273055595123397,26.0,43.0,ABprpaaapp,ABprpaaap
72.98209960956851,29.29657530174207,0.6780791565095012,34.0,54.0,ABprpaap,ABprpaa
4.655255147820412,42.03823385731927,0.23283225494568346,26.0,47.0,ABprpaapa,ABprpaap
-38.90240582210673,47.53716992724236,0.005037418373423758,26.0,38.0,ABprpaapaa,ABprpaapa
-19.946430979339436,54.85477999013545,0.47799339321619105,26.0,38.0,ABprpaapap,ABprpaapa
30.9814783629336,38.04876001907485,0.9230436073965034,26.0,47.0,ABprpaapp,ABprpaap
-3.1208956610568137,57.9776578030558,0.3162382036280861,26.0,40.0,ABprpaappa,ABprpaapp
12.665231506573244,58.4776578030558,0.7642150822408029,26.0,39.0,ABprpaappp,ABprpaapp
102.80427743174633,5.343894649061419,1.5163408947712396,35.0,62.0,ABprpap,ABprpa
74.88314546636659,18.181879672887153,1.4463548336347356,34.0,56.0,ABprpapa,ABprpap
16.799156779203003,24.743154495743944,0.977379375191164,26.0,48.0,ABprpapaa,ABprpapa
2.194220821689727,23.538662843829613,1.0056885841189294,26.0,38.0,ABprpapaaa,ABprpapaa
19.281762909231816,26.4241847293515,1.2753855538158991,26.0,39.0,ABprpapaap,ABprpapaa
33.62527656109664,23.794122508282854,1.6640956382433278,26.0,48.0,ABprpapap,ABprpapa
26.819906247375148,24.03351613868291,1.2767804552108004,24.0,39.0,ABprpapapa,ABprpapap
45.87704910451801,21.306532011698785,1.4863042647346096,24.0,38.0,ABprpapapp,ABprpapap
100.34260117696662,14.31318972180477,1.6011721554645695,34.0,59.0,ABprpapp,ABprpap
35.742467331733984,15.667259673550038,1.8210073144938386,26.0,48.0,ABprpappa,ABprpapp
1.831857694620718,6.824179070522313,1.637004544846655,24.0,45.0,ABprpappaa,ABprpappa
24.904686826273377,2.6645152049760945,1.5854639286001555,24.0,41.0,ABprpappap,ABprpappa
60.13509295768381,13.187262663161144,1.993526310981047,27.0,53.0,ABprpappp,ABprpapp
40.789112596581504,3.530341535508308,1.4057328361631807,24.0,41.0,ABprpapppa,ABprpappp
65.11522574269463,-1.151831846665074,1.2591980376283827,24.0,41.0,ABprpapppp,ABprpappp
114.51408614155504,11.379665462610012,0.721401266498278,32.0,73.0,ABprpp,ABprp
128.71503449475253,40.80720757604217,0.20523654352848011,39.0,60.0,ABprppa,ABprpp
85.30867303614195,40.474663879830636,1.1566339350642798,26.0,52.0,ABprppaa,ABprppa
25.878826882295787,40.96948439265117,1.1184185504488955,26.0,47.0,ABprppaaa,ABprppaa
2.642386690908228,37.70949396202916,1.3332625695876512,26.0,38.0,ABprppaaaa,ABprppaaa
14.996453676554161,42.13054659360811,1.174410894946503,24.0,38.0,ABprppaaap,ABprppaaa
47.95788365085474,36.06783373762934,1.1056430045973673,26.0,46.0,ABprppaap,ABprppaa
31.740882659188216,25.748838974324475,1.4700265185763859,24.0,38.0,ABprppaapa,ABprppaap
52.36239660341132,23.93608997034041,1.3393492277397325,24.0,38.0,ABprppaapp,ABprppaap
109.89144660060565,36.35790692786243,0.655398832139036,31.0,56.0,ABprppap,ABprppa
58.910600302775094,33.96548003535269,1.0829117966362596,26.0,46.0,ABprppapa,ABprppap
26.71096723317298,46.6629229891424,1.5078080241331062,26.0,38.0,ABprppapaa,ABprppapa
48.00570407527824,43.31906334001959,1.473071182027843,26.0,38.0,ABprppapap,ABprppapa
82.14655916576035,36.8945710068244,1.1580421724961396,26.0,48.0,ABprppapp,ABprppap
60.28025061110933,41.10019625705793,1.0855778724827934,26.0,38.0,ABprppappa,ABprppapp
81.33957264500764,42.47731490112573,1.4292219402794037,26.0,38.0,ABprppappp,ABprppapp
131.3381602156291,21.667194537578702,0.7618736229126631,36.0,60.0,ABprppp,ABprpp
135.48467762856444,33.63076797474072,0.666048401195164,35.0,54.0,ABprpppa,ABprppp
87.71227369080641,33.61939928626818,1.244784507895704,26.0,47.0,ABprpppaa,ABprpppa
66.31020147512966,31.6151716890681,1.667132556963554,24.0,38.0,ABprpppaaa,ABprpppaa
88.35906140998308,29.765008822618586,1.4466113843251172,26.0,38.0,ABprpppaap,ABprpppaa
112.98787772975338,28.176467443498627,1.0129083809573698,27.0,47.0,ABprpppap,ABprpppa
92.52367934131217,20.18256635986428,1.4589037963505347,26.0,38.0,ABprpppapa,ABprpppap
98.74335147245971,12.195681113962639,1.2759529766784037,26.0,38.0,ABprpppapp,ABprpppap
132.44573597320488,15.357181362348133,1.603230671661016,39.0,54.0,ABprpppp,ABprppp
80.5881602156291,19.791928837095607,1.6233518837822287,26.0,48.0,ABprppppa,ABprpppp
54.83314013530783,20.533267525181284,1.3452113215332324,24.0,40.0,ABprppppaa,ABprppppa
73.33012808711506,16.96700246494032,1.4181028877982929,24.0,40.0,ABprppppap,ABprppppa
100.5248690763886,14.593813506575215,1.729613487157756,26.0,47.0,ABprppppp,ABprpppp
84.57625545372436,4.941380496547269,1.0937717972021421,24.0,38.0,ABprpppppa,ABprppppp
99.63145025891916,1.441380496547267,0.9200704985008438,26.0,38.0,ABprpppppp,ABprppppp
24.860090040190524,-19.017778765243573,0.5623694276418777,34.0,93.0,EMS,Psub1
-17.726185775932063,-29.444161176969086,1.5492337403223129,36.0,84.0,MS,EMS
-41.858575179559885,-40.098082617658115,1.2895443236447717,32.0,79.0,MSa,MS
-62.653886810650285,-43.476830960045945,1.3512716624820906,40.0,79.0,MSaa,MSa
-83.01160910386338,-44.64261941357721,1.3633680314177534,34.0,59.0,MSaaa,MSaa
-95.9756925982237,-26.071606516439743,0.3687717972021424,34.0,52.0,MSaaaa,MSaaa
-109.0927667005919,-13.861713468311404,0.054371491625365836,31.0,48.0,MSaaaaa,MSaaaa
-109.00817005960023,-7.432393283189813,0.053669926595684425,26.0,41.0,MSaaaaaa,MSaaaaa
-101.92865935623632,-11.053188390223452,-0.5212536208049272,26.0,41.0,MSaaaaap,MSaaaaa
-80.61629483608131,-18.215618232647167,-0.7375279889305796,26.0,47.0,MSaaaap,MSaaaa
-82.94730077727868,-20.5614517775616,-0.6201800311113883,29.0,38.0,MSaaaapa,MSaaaap
-59.638790138980816,-20.25294113926373,-0.20564102401918952,26.0,37.0,MSaaaapp,MSaaaap
-57.03464680191473,-31.80432847284591,0.45535188378222885,30.0,52.0,MSaaap,MSaaa
-69.55339229578642,-18.112515607348836,-0.36880336735932395,26.0,47.0,MSaaapa,MSaaap
-73.53656384618104,-16.826422892117048,-0.3134119131272636,26.0,40.0,MSaaapaa,MSaaapa
-54.14914662763799,-17.03834342191837,-0.36738542306103833,26.0,40.0,MSaaapap,MSaaapa
-38.640742737957375,-15.49637636684251,-0.1782979052473072,26.0,44.0,MSaaapp,MSaaap
-54.37374454627565,-0.312515607348837,-0.13369573526539041,26.0,35.0,MSaaappa,MSaaapp
-35.288030260561364,-11.312515607348837,-0.18512430669396152,29.0,35.0,MSaaappp,MSaaapp
-32.943089784370876,-52.655571162904394,1.0529213282266732,34.0,59.0,MSaap,MSaa
-38.48018889057488,-39.72008658526681,1.047412872215457,34.0,56.0,MSaapa,MSaap
-37.47815741089793,-27.629793094259828,0.056573524270884745,26.0,47.0,MSaapaa,MSaapa
-42.516877297768524,-26.169750334036937,0.5826294829247799,26.0,40.0,MSaapaaa,MSaapaa
-16.841636140212252,-25.140811427284525,-0.11737051707522048,26.0,39.0,MSaapaap,MSaapaa
-4.9313203038513995,-23.847580542413773,0.6060012344315792,26.0,46.0,MSaapap,MSaapa
-13.831753204284302,-28.752342447175675,0.9269969054272503,26.0,37.0,MSaapapa,MSaapap
8.92149354896245,-26.665762360595586,0.5256982041285491,24.0,38.0,MSaapapp,MSaapap
6.590647777818176,-34.14634645311998,1.0653021325384473,26.0,53.0,MSaapp,MSaap
13.26798477703263,-22.340147186296207,0.5614922346594218,26.0,45.0,MSaappa,MSaapp
25.54855625523308,-29.445518907678867,0.3073320818020312,24.0,46.0,MSaappp,MSaapp
-25.920546252032572,-39.755799189438385,1.3563469086578506,30.0,71.0,MSap,MSa
-44.47304197016323,-46.95513855816851,0.9516906815964364,34.0,61.0,MSapa,MSap
-63.22188544647133,-32.194707388170755,-0.1589403536606939,28.0,52.0,MSapaa,MSapa
-89.78835493588605,-30.073879243712476,-0.3234359950056502,26.0,45.0,MSapaaa,MSapaa
-78.0557321239154,-34.378354116665605,-0.3845031886815394,26.0,38.0,MSapaaaa,MSapaaa
-61.52157063323217,-33.55226716014387,-0.7969255489299866,26.0,38.0,MSapaaap,MSapaaa
-57.73316625664074,-30.289874097914872,-0.4983073500656844,26.0,46.0,MSapaap,MSapaa
-26.838756005404747,-32.35636587472852,-0.21300818751901904,32.0,51.0,MSapap,MSapa
-48.97061954627564,-34.75626560734883,-0.4996332352653904,26.0,45.0,MSapapa,MSapap
-52.759062006593105,-46.08612671845995,-0.5821481162177712,26.0,38.0,MSapapaa,MSapapa
-35.34239533992643,-46.97501560734884,-0.36825922732888255,26.0,38.0,MSapapap,MSapapa
-21.853910981781883,-31.469797160746886,-0.6264280514928522,26.0,45.0,MSapapp,MSapap
-45.31660168913279,-38.406022100855324,-0.5825269040965595,26.0,38.0,MSapappa,MSapapp
-26.2256925982237,-37.69173638656961,-0.6851243066939617,26.0,37.0,MSapappp,MSapapp
8.637463538244338,-45.021840366191284,0.6649445954649722,34.0,57.0,MSapp,MSap
-3.9351044678186287,-25.926245584465537,0.2724762163527855,26.0,52.0,MSappa,MSapp
-23.135888785015624,-33.23746725144941,-0.5134746797251859,26.0,46.0,MSappaa,MSappa
4.945805769052026,-35.12748681656188,-0.32702175665283234,26.0,46.0,MSappap,MSappa
23.066666205763017,-21.187357044980978,-0.3374951916229863,32.0,51.0,MSappp,MSapp
-11.747296259954744,-40.86580647783716,-0.8445419591052448,26.0,44.0,MSapppa,MSappp
17.991778865594323,-34.96470767415468,-1.0380023263778269,30.0,44.0,MSapppp,MSappp
13.091561576173337,-30.320678872654955,1.3776307953468545,31.0,77.0,MSp,MS
-24.345173117704213,-37.05834894068217,1.242018550448895,31.0,70.0,MSpa,MSp
-24.0079717525165,-30.509785231922216,1.2085373217799533,36.0,62.0,MSpaa,MSpa
-42.102789011743944,-11.922449382183276,0.20811126568068328,30.0,57.0,MSpaaa,MSpaa
-81.18517311770421,-1.8005156073488349,0.22401855044889538,26.0,47.0,MSpaaaa,MSpaaa
-89.16413336235252,1.365771854424863,-0.14633007340431572,26.0,39.0,MSpaaaaa,MSpaaaa
-70.61979085470728,0.35048133454718716,-0.42584077676823007,26.0,39.0,MSpaaaap,MSpaaaa
-53.13074525700771,0.06758389513872579,-0.15211080278493555,26.0,47.0,MSpaaap,MSpaaa
-60.4418397843709,5.437484392651163,-0.21364811621777147,26.0,38.0,MSpaaapa,MSpaaap
-40.90517311770421,4.30415105931783,-0.25531478288443776,26.0,38.0,MSpaaapp,MSpaaap
-11.085772572745086,-16.133224054215322,0.46302672483581625,30.0,53.0,MSpaap,MSpaa
-45.390334408026796,-0.05643620288233488,0.017179840771475947,30.0,48.0,MSpaapa,MSpaap
-54.031497904028996,4.596031401198172,0.46988179831214316,26.0,36.0,MSpaapaa,MSpaapa
-33.92893380146489,8.805433110599882,0.07586470429504912,26.0,38.0,MSpaapap,MSpaapa
-14.670440021618804,0.19068723962625242,-0.22744764172192328,24.0,44.0,MSpaapp,MSpaap
20.362465771184677,-44.22501560734884,1.5987546615600066,30.0,61.0,MSpap,MSpa
12.155785348749461,-25.743186533866407,1.4982166335159879,28.0,57.0,MSpapa,MSpap
-11.27714242716713,-11.587707423205615,0.9052666322903276,26.0,47.0,MSpapaa,MSpapa
-21.676320658687818,-9.745302492594739,0.9749693701210265,26.0,38.0,MSpapaaa,MSpapaa
-2.0500911504910975,-8.18136806636523,0.005461173399715066,26.0,38.0,MSpapaap,MSpapaa
17.089249540247856,-7.714258526738815,1.5317135395556492,24.0,46.0,MSpapap,MSpapa
3.6767678105658304,-11.845005058825627,0.09480336057547827,24.0,38.0,MSpapapa,MSpapap
19.845544181873844,-5.680448096800314,0.3901620103645066,24.0,38.0,MSpapapp,MSpapap
45.62375892113073,-22.953777743271168,1.7458049582158854,26.0,52.0,MSpapp,MSpap
29.726303392362897,-2.875602855670984,1.0993675437374855,24.0,45.0,MSpappa,MSpapp
48.19640763830953,-4.103237256833373,1.1756267978715758,24.0,46.0,MSpappp,MSpapp
39.42212726252392,-21.015177204307008,1.698634520030644,33.0,70.0,MSpp,MSp
54.848786613839415,-9.023253862382393,1.5079245907173513,37.0,59.0,MSppa,MSpp
-1.1133049858360815,6.1534184585852305,0.7791614075917525,28.0,52.0,MSppaa,MSppa
-67.14517311770422,22.20932347311093,0.20351280332245855,26.0,46.0,MSppaaa,MSppaa
-68.21409967137653,21.788049364402575,0.14264001937544915,24.0,38.0,MSppaaaa,MSppaaa
-50.411839784370876,23.550761228809357,-0.13419613881664133,26.0,38.0,MSppaaap,MSppaaa
-36.80673717760438,24.22891534107047,0.3525509963723564,26.0,47.0,MSppaap,MSppaa
-23.47244584497694,-9.367061061894292,4.281109459539805,26.0,34.0,MSppaapa,MSppaap
8.982099609568515,-17.003424698257927,3.881109459539805,26.0,34.0,MSppaapp,MSppaap
30.55153017899908,4.274297579464351,0.6640515174818624,30.0,56.0,MSppap,MSppa
-28.787395339926434,30.00303994820672,-0.09420367177332688,26.0,45.0,MSppapa,MSppap
-43.924185463383225,35.11834859018203,-0.32242589399554905,26.0,38.0,MSppapaa,MSppapa
-25.862457068321497,32.46402760252771,-0.18662342485974664,26.0,38.0,MSppapap,MSppapa
-4.52211073585166,32.93247494085533,-0.3219323002127303,26.0,44.0,MSppapp,MSppap
-46.69698034661988,27.099532585422253,-1.267740485695683,26.0,36.0,MSppappa,MSppapp
-22.516257455053612,23.653749452892132,-1.3424392808764058,26.0,38.0,MSppappp,MSppapp
69.68245846124314,-13.11646297576989,1.803597497817317,38.0,58.0,MSppp,MSpp
38.47651362928374,0.540496440843936,1.2288860203284138,31.0,54.0,MSpppa,MSppp
-9.837424040213438,16.140989927706517,0.5603949342127331,26.0,46.0,MSpppaa,MSpppa
16.155189201136366,18.67625250859319,0.8596997098691851,24.0,45.0,MSpppap,MSpppa
59.06456139557012,6.140581737783908,0.9299831522188068,30.0,52.0,MSpppp,MSppp
4.490826882295788,39.135484392651165,0.4066185504488955,26.0,44.0,MSppppa,MSpppp
26.41599193083948,37.8544746839133,0.1927952494780216,28.0,44.0,MSppppp,MSpppp
70.89119051865941,-21.74887924371247,0.07807915650950133,38.0,84.0,E,EMS
29.181142671769475,-29.14672613366463,0.5949132872910005,34.0,77.0,Ea,E
2.6522952367261667,-30.897325733931115,0.28771475298054106,34.0,62.0,Eal,Ea
-28.107875026661628,-20.116627207936208,-0.4806980427963322,26.0,60.0,Eala,Eal
-25.871099043630142,-14.756960051793278,-0.9135370051066601,26.0,39.0,Ealaa,Eala
4.354826882295788,-7.731034125867355,-1.464277745847401,24.0,38.0,Ealap,Eala
11.658896649737649,-18.60437607246512,-0.07667331001622099,29.0,54.0,Ealp,Eal
-3.330724448502694,-18.057002299364044,-0.38387498567277784,24.0,38.0,Ealpa,Ealp
28.714902927923163,-9.81365629175948,-0.5793122480301924,24.0,38.0,Ealpp,Ealp
19.43070627928071,3.640248211746642,-0.5536095902546223,38.0,62.0,Ear,Ea
-16.578992359686723,12.278446491776528,-0.6476607498426499,26.0,54.0,Eara,Ear
-19.371127316177496,13.633285919368719,-0.8963020602381278,26.0,38.0,Earaa,Eara
8.018185660921743,21.293591262880174,-1.6539356480243872,24.0,38.0,Earap,Eara
20.15341843159156,18.377625237721585,-0.5630518720863162,30.0,54.0,Earp,Ear
4.855667218430241,19.549669266600745,-0.38596464282841575,24.0,38.0,Earpa,Earp
29.08255797473276,18.268156661558727,-0.49310749997127296,24.0,38.0,Earpp,Earp
90.0639871876393,-13.688597032285223,0.47965213823515485,34.0,77.0,Ep,E
52.992415534778054,-12.910151541154983,-0.5405110003785278,35.0,62.0,Epl,Ep
38.90800607304723,-12.317139884805487,-0.9476346287418562,26.0,53.0,Epla,Epl
26.07592779972698,-6.440038543128653,-1.377064018358444,24.0,38.0,Eplaa,Epla
52.704368166699446,-4.4079284513855335,-1.1922016330373433,24.0,38.0,Eplap,Epla
81.61461524208413,-4.380769575602807,-0.26184388341353854,26.0,52.0,Eplp,Epl
64.44313857060746,3.347224652391423,-0.8390204105900656,24.0,38.0,Eplpa,Eplp
78.6898918173607,-0.6138143086475368,-0.33902041059006566,24.0,38.0,Eplpp,Eplp
77.39292212039102,15.304151059317832,-0.29774335431300936,35.0,62.0,Epr,Ep
52.442326882295795,24.93053994820672,-0.8146481162177713,26.0,53.0,Epra,Epr
32.08384242633724,29.118572475552718,-0.704665387374939,26.0,38.0,Epraa,Epra
54.249645535145525,22.21701807140764,-0.6331627967013638,24.0,38.0,Eprap,Epra
93.92792855539744,22.365476670643442,-0.721160342729998,24.0,52.0,Eprp,Epr
62.94600335288402,21.969837333827634,-1.1132755671981638,24.0,38.0,Eprpa,Eprp
81.18129747053108,16.80071968676881,-0.3845990966099282,24.0,38.0,Eprpp,Eprp
89.63434495458493,24.4067615010849,-0.8743669917197793,34.0,83.0,C,Psub2
46.10684481951551,15.10093730744937,-0.9925554405824948,34.0,76.0,Ca,C
34.97251395712572,22.31537554911375,-1.4681175039728733,32.0,73.0,Caa,Ca
41.04684967431857,25.1216724268392,-1.671286292855948,30.0,57.0,Caaa,Caa
92.63282688229579,6.821484392651171,-1.7707814495511043,24.0,51.0,Caaaa,Caaa
75.25226277973168,5.784920290087062,-2.6418276033972585,24.0,42.0,Caaaaa,Caaaa
111.23687816434708,2.8028690080357803,-2.5849045264741815,24.0,41.0,Caaaap,Caaaa
126.51652900995536,6.1811014139277605,-0.9679814495511048,26.0,51.0,Caaap,Caaa
127.8238745013434,10.12319867836545,-2.1977433543130096,26.0,42.0,Caaapa,Caaap
134.15244592991482,3.3089129640797355,-1.3917909733606284,26.0,42.0,Caaapp,Caaap
89.13068895126129,14.264495886904044,-1.1976366219648977,30.0,56.0,Caap,Caa
138.8131395373826,2.859196551460097,-0.6290980748612782,26.0,46.0,Caapa,Caap
137.29754532889774,3.8369989557579616,-0.9470105757646968,30.0,46.0,Caapp,Caap
142.51096723317298,0.599765094405551,0.2958781995717026,24.0,39.0,Caappd,Caapp
130.34761038745043,5.606384736293775,1.436279718833775,26.0,38.0,Caappv,Caapp
79.31889373466346,25.79221976869573,-0.7864772712781238,33.0,69.0,Cap,Ca
72.19938133774133,-6.567961151903292,-0.7943180832144711,29.0,56.0,Capa,Cap
58.36842092326413,-16.21232938760954,0.2601004871341842,26.0,46.0,Capaa,Capa
51.06825971811668,8.833753049367582,-0.6951456286555823,26.0,38.0,Capaaa,Capaa
68.5010955390122,11.468081407576536,1.273511087762328,24.0,38.0,Capaap,Capaa
87.1344565119254,-10.864367459200688,0.08387040230074734,26.0,46.0,Capap,Capa
77.79681161512022,19.82794240791834,-0.42492801443660105,26.0,38.0,Capapa,Capap
88.54490321817364,18.10275156822368,2.1208735122809568,24.0,38.0,Capapp,Capap
104.67149354896245,-1.8801081999414253,-0.48075922732888265,31.0,57.0,Capp,Cap
101.53421031196824,-14.058951060142661,-0.9470565940597752,26.0,47.0,Cappa,Capp
72.15437026129122,-0.7253009954766892,-1.3119997143912874,26.0,38.0,Cappaa,Cappa
93.63875545372434,1.2839129640797344,-0.25833859240824747,24.0,38.0,Cappap,Cappa
114.89068640170429,-4.766489729345137,-0.16328644030896064,26.0,47.0,Cappp,Capp
105.9050731877145,-2.715471272373466,-0.9437449963491343,26.0,38.0,Capppa,Cappp
102.15137860643371,2.634282422207815,1.3395062351779592,24.0,38.0,Capppp,Cappp
111.80989296159093,31.713035053444116,-0.7200519341326027,31.0,76.0,Cp,C
105.81989537544646,40.69364877621281,-1.1591458331127487,33.0,69.0,Cpa,Cp
109.91051550505027,43.87490954235176,-1.1863646830840386,34.0,58.0,Cpaa,Cpa
86.75105329739011,22.395031562462492,-1.3013776759661988,24.0,51.0,Cpaaa,Cpaa
58.15616021562912,28.91148439265116,-2.738648116217771,24.0,41.0,Cpaaaa,Cpaaa
93.57749354896247,22.32748439265116,-2.127714782884438,24.0,41.0,Cpaaap,Cpaaa
132.5355645872138,23.997320458224927,-0.9185552200429078,31.0,51.0,Cpaap,Cpaa
117.63132568325501,30.900434032938932,-1.7773819291674116,24.0,41.0,Cpaapa,Cpaap
134.03180529956197,16.43280813365836,-1.5099958380403136,26.0,41.0,Cpaapp,Cpaap
120.56943362386883,25.10714731399948,-0.9268578540454866,34.0,56.0,Cpap,Cpa
150.3541176624376,25.53251985364407,-0.4137970523879841,31.0,51.0,Cpapa,Cpap
140.51814976630834,20.485603514908217,-0.4790786282344903,26.0,38.0,Cpapaa,Cpapa
138.47112782273467,16.206606649704458,-0.8750033931247725,26.0,38.0,Cpapap,Cpapa
153.48797806626663,10.251418818880673,0.08021527176037077,26.0,50.0,Cpapp,Cpap
140.12608436732572,16.1084424764835,0.23010238278422485,24.0,40.0,Cpappd,Cpapp
124.329677181697,-0.09515033788775912,1.0067490893710516,26.0,38.0,Cpappv,Cpapp
140.60976515390072,21.075138713638818,-0.696808610044932,36.0,69.0,Cpp,Cp
143.33253649374768,20.238813636004945,0.20392039093969286,36.0,56.0,Cppa,Cpp
79.48242544860403,8.03192883709561,0.8311583353951315,24.0,46.0,Cppaa,Cppa
64.45482688229579,-0.16876560734883697,-0.24235644955110475,26.0,38.0,Cppaaa,Cppaa
85.1235768822958,-13.881265607348837,0.6332685504488953,24.0,38.0,Cppaap,Cppaa
101.03540242186412,7.100074320708717,0.5811912123193992,28.0,46.0,Cppap,Cppa
87.50174046254268,9.77266957783635,-0.06810490634122802,26.0,38.0,Cppapa,Cppap
91.93383922797479,0.7479782198116569,1.8973271924242041,24.0,38.0,Cppapp,Cppap
131.5889445293546,-5.72663325440766,-0.2588049789628694,35.0,56.0,Cppp,Cpp
104.87348813990226,12.651378915977736,0.22759664375518343,28.0,46.0,Cpppa,Cppp
53.71057909468516,25.8972189059255,0.10122209027190411,26.0,38.0,Cpppaa,Cpppa
80.38928066380842,13.465635653155367,0.41655636557494574,26.0,38.0,Cpppap,Cpppa
121.97388385675548,11.651335080273954,0.8399949748103888,29.0,47.0,Cpppp,Cppp
90.96846324593214,20.210211665378438,0.07065491408525912,26.0,38.0,Cppppa,Cpppp
82.10098072844963,13.960787560071978,2.0064076907203887,24.0,38.0,Cppppp,Cpppp
128.717121964263,14.02191062215936,-0.1801125970920884,28.0,73.0,D,Psub3
75.71468089689432,-18.508622663309904,0.5430647791593577,28.0,58.0,Da,D
38.19852057598948,-28.428281373114597,0.4519735054038503,24.0,53.0,Daa,Da
8.654252169652109,-55.02458457286607,-0.6452228288614495,26.0,43.0,Daaa,Daa
24.421493548962456,-43.547573078613205,-0.12999294380397833,24.0,45.0,Daap,Daa
77.27250364997255,-12.447869142702368,0.4396953181256631,24.0,53.0,Dap,Da
30.88721762779707,-44.71971355079356,-0.7025315780858089,26.0,47.0,Dapa,Dap
54.03145025891916,-28.024203919037152,-0.6820074235770788,24.0,47.0,Dapp,Dap
95.65717982347222,4.181602039709987,1.654371491625366,26.0,59.0,Dp,D
60.426059759008105,14.413968410916008,1.6199637559283473,24.0,52.0,Dpa,Dp
19.398944529354612,63.22571968676882,0.5267244328018365,24.0,45.0,Dpaa,Dpa
31.213650411707548,41.81983733382764,0.7602538445665425,24.0,42.0,Dpap,Dpa
89.78782180615364,10.762611296204463,0.9765870783676773,24.0,53.0,Dpp,Dp
40.713160215629124,55.73071355931783,0.5712373004488952,24.0,46.0,Dppa,Dpp
64.66907490340397,46.554502862308155,0.17676789081828848,24.0,46.0,Dppp,Dpp
76.25482688229579,-39.91251560734884,10.072018550448895,29.0,29.0,ABprpapppaa,ABprpapppa
112.25482688229579,-32.91251560734884,9.072018550448895,29.0,29.0,ABprpapppap,ABprpapppa
41.25482688229579,-35.91251560734884,9.072018550448895,26.0,26.0,MSpappaa,MSpappa
82.25482688229579,-6.912515607348837,8.072018550448895,31.0,31.0,MSpappap,MSpappa
-26.81183978437088,33.220817725984496,2.3786852171155624,24.0,37.0,MSpapppa,MSpappp
13.38816021562912,37.55415105931783,2.1786852171155617,30.0,38.0,MSpapppp,MSpappp
0.7932884207573264,-1.5279002227334524,2.995095473525819,26.0,38.0,MSpppaaa,MSpppaa
39.562519189988095,-5.066361761194991,3.933557011987357,26.0,37.0,MSpppaap,MSpppaa
-29.478506451037546,-7.045848940682171,-0.9879814495511047,30.0,35.0,ABalpaapapa,ABalpaapap
0.7214935489624547,-13.979182274015503,0.4786852171155623,26.0,36.0,ABalpaapapp,ABalpaapap
-41.5308874034185,-24.341087035920264,-0.4851243066939616,30.0,35.0,ABalpappppa,ABalpapppp
5.897684025152931,-31.55537275020598,-0.14941002097967576,26.0,35.0,ABalpappppp,ABalpapppp
157.58816021562913,43.25415105931783,5.238685217115562,26.0,37.0,ABaraaapapa,ABaraaapap
194.2548268822958,37.08748439265116,7.638685217115562,34.0,38.0,ABaraaapapp,ABaraaapap
81.25482688229579,55.08748439265116,2.0220185504488946,30.0,31.0,ABaraapppaa,ABaraapppa
132.2548268822958,55.58748439265116,3.672018550448895,31.0,34.0,ABaraapppap,ABaraapppa
-6.245173117704212,51.9208177259845,0.45535188378222813,26.0,33.0,ABarapapppa,ABarapappp
37.088160215629124,43.08748439265116,1.672018550448895,26.0,35.0,ABarapapppp,ABarapappp
0.254826882295788,3.087484392651163,10.072018550448895,30.0,30.0,ABplpappaaa,ABplpappaa
53.25482688229579,-10.912515607348837,11.072018550448895,30.0,30.0,ABplpappaap,ABplpappaa
47.50482688229579,160.58748439265116,-1.227981449551105,26.0,35.0,ABpraaapppa,ABpraaappp
80.75482688229579,156.58748439265116,0.7720185504488959,26.0,34.0,ABpraaapppp,ABpraaappp
-22.1340620065931,-41.74584894068217,1.7220185504488952,26.0,38.0,MSapaapa,MSapaap
26.810382437851345,-36.968071162904394,2.91646299489334,29.0,36.0,MSapaapp,MSapaap
-1.245173117704212,-61.0791822740155,-0.16131478288443782,30.0,35.0,MSappaaa,MSappaa
44.42149354896245,-67.24584894068217,2.188685217115562,26.0,34.0,MSappaap,MSappaa
14.754826882295788,-63.91251560734884,3.122018550448896,30.0,33.0,MSappapa,MSappap
38.75482688229579,-95.91251560734884,5.022018550448895,30.0,31.0,MSappapp,MSappap
-13.182673117704212,-111.16251560734884,-1.9654814495511048,30.0,35.0,MSapppaa,MSapppa
22.004826882295788,-108.16251560734884,1.0095185504488953,30.0,38.0,MSapppap,MSapppa
-45.74517311770421,-78.41251560734884,-1.8779814495511045,30.0,35.0,MSappppa,MSapppp
0.254826882295788,-82.78751560734884,-1.002981449551105,26.0,35.0,MSappppp,MSapppp
-1.745173117704212,116.42081772598449,3.505351883782229,33.0,34.0,MSpppapa,MSpppap
34.92149354896245,140.08748439265116,4.505351883782229,32.0,35.0,MSpppapp,MSpppap
-5.52295089548199,40.031928837095606,-0.7613147828844381,29.0,35.0,MSppppaa,MSppppa
19.143715771184677,46.36526217042894,0.4997963282266731,29.0,35.0,MSppppap,MSppppa
-17.745173117704212,98.75415105931783,-1.8946481162177715,26.0,31.0,MSpppppa,MSppppp
33.25482688229579,94.08748439265116,-1.527981449551105,26.0,30.0,MSpppppp,MSppppp
1.1119697394386452,-93.91251560734884,1.8434471218774673,30.0,34.0,Dapaa,Dapa
42.9691125965815,-100.91251560734884,2.8577328361631813,30.0,35.0,Dapap,Dapa
-41.47244584497694,-61.36706106189429,1.1447458231761685,31.0,37.0,Dappa,Dapp
12.618463245932151,-71.54887924371248,0.19020036863071352,26.0,37.0,Dappp,Dapp
-106.54517311770421,101.48748439265117,-2.3479814495511047,33.0,35.0,Dpppa,Dppp
-54.945173117704215,123.48748439265117,-3.047981449551105,26.0,36.0,Dpppp,Dppp
115.08816021562912,111.92081772598449,-5.477981449551105,24.0,28.0,Cappaaa,Cappaa
153.7548268822958,87.42081772598449,-6.761314782884438,24.0,26.0,Cappaap,Cappaa
182.2548268822958,90.08748439265116,-0.9279814495511047,24.0,24.0,Cappapa,Cappap
189.2548268822958,87.08748439265116,1.0720185504488953,24.0,24.0,Cappapp,Cappap
100.25482688229577,-79.6982298930631,-4.570838592408248,24.0,28.0,Cpppaaa,Cpppaa
143.96911259658145,-56.05537275020598,-7.599410020979677,24.0,28.0,Cpppaap,Cpppaa
159.7548268822958,-66.41251560734884,-1.877981449551105,24.0,28.0,Cpppapa,Cpppap
197.2548268822958,-47.91251560734884,1.0720185504488953,26.0,26.0,Cpppapp,Cpppap
170.2548268822958,-46.91251560734884,-6.377981449551105,24.0,26.0,Cppppaa,Cppppa
205.2548268822958,-32.91251560734884,-3.7779814495511053,28.0,28.0,Cppppap,Cppppa
200.2548268822958,-20.912515607348837,0.07201855044889527,24.0,24.0,Cpppppd,Cppppp
193.2548268822958,-11.912515607348837,5.072018550448895,26.0,26.0,Cpppppv,Cppppp
-81.3451731177042,-116.71251560734883,2.5320185504488952,26.0,35.0,ABalppppppa,ABalpppppp
-53.54517311770421,-138.11251560734883,4.832018550448896,26.0,35.0,ABalppppppp,ABalpppppp
28.754826882295788,-53.91251560734884,-3.877981449551105,30.0,31.0,MSaapppa,MSaappp
81.25482688229579,-53.41251560734884,-3.9779814495511046,30.0,31.0,MSaapppp,MSaappp
-76.24517311770421,-73.41251560734884,-9.827981449551105,24.0,25.0,ABalpappapa,ABalpappap
-51.24517311770421,-70.91251560734884,-8.877981449551104,28.0,30.0,ABalpappapp,ABalpappap
137.75482688229576,12.158912964079734,0.7934471218774668,35.0,103.0,P1,
105.37811455352865,6.409402200870341,0.21996375592834733,28.0,91.0,P2,
131.71565637538333,5.787945222144251,-0.5265989610718421,40.0,79.0,P3,
73.29982688229578,-20.147515607348833,1.2728518837822282,30.0,73.0,P4,
65.68003696632938,-0.6318433384412739,-0.573359600811609,24.0,57.0,Z2,
29.476669885708763,-13.579751102229382,0.0776499497663016,24.0,56.0,Z3,
